Team,Player,Pos,MIN,MPG,OnBall%,DPM,ODPM,DDPM,PTS,CREATED_PTS,AST,Rim_AST,REB,TS%,rTS%,TOV,cTOV%,2P%,3P%,3PA,FT%,FTA,OREB,DREB,STL,BLK
ATL,Jalen Johnson,PF,1785,35.7,26.9%,+1.1,+1.3,-0.3,43.3,23.3,8.2,3.1,10.7,59.3%,+1.6%,3.4,9.8%,55.8%,35.3%,4.7,77.8%,5.6,1.6,9.1,1.3,0.5
ATL,Kristaps Porziņģis,C,413,24.3,9.2%,+1.0,+0.2,+0.8,23.4,17.1,2.7,1.2,5.1,58.9%,+1.2%,0.9,4.8%,52.4%,36.0%,5.1,84.0%,4.8,1.2,3.9,0.5,1.3
ATL,Trae Young,PG,280,28.0,40.7%,+0.5,+3.0,-2.4,40.3,19.3,8.9,4.0,1.5,57.9%,+0.2%,2.6,8.2%,50.0%,30.5%,5.9,86.3%,7.3,0.0,1.5,0.9,0.2
ATL,Onyeka Okongwu,C,1596,31.9,8.3%,+0.5,-0.1,+0.6,24.0,16.2,3.2,1.2,7.7,59.6%,+1.9%,1.9,9.7%,56.6%,37.9%,5.4,77.9%,2.8,1.9,5.8,1.2,1.0
ATL,Mouhamed Gueye,PF,862,16.3,6.0%,+0.4,-1.2,+1.6,7.4,4.9,1.0,0.3,3.7,52.8%,-4.9%,0.5,8.5%,56.2%,28.9%,1.8,62.7%,1.0,1.3,2.4,0.8,0.5
ATL,Dyson Daniels,SG,1780,33.6,22.6%,+0.1,-0.7,+0.8,26.7,11.6,6.2,2.2,6.4,52.2%,-5.5%,2.0,10.2%,55.6%,13.3%,1.4,61.5%,1.7,2.2,4.2,1.8,0.4
ATL,CJ McCollum,SG,1537,30.1,28.2%,-0.1,+0.6,-0.7,27.6,18.8,3.6,0.9,3.4,57.0%,-0.7%,1.7,7.2%,51.4%,38.2%,6.8,77.5%,3.0,0.7,2.7,0.7,0.4
ATL,Nickeil Alexander-Walker,SG,1795,33.2,20.6%,-0.3,+0.4,-0.7,29.1,20.1,3.7,1.3,3.6,57.6%,-0.1%,2.0,8.2%,49.8%,37.3%,8.1,88.5%,3.9,0.6,3.0,1.2,0.6
ATL,Jock Landale,C,1146,23.4,6.4%,-0.6,-0.1,-0.4,15.6,11.4,1.7,0.5,6.4,60.5%,+2.8%,1.0,7.9%,59.5%,39.9%,2.9,66.0%,2.0,3.1,3.3,0.5,0.5
ATL,Asa Newell,PF,442,11.3,6.7%,-0.8,-1.1,+0.3,6.4,5.1,0.5,0.1,2.1,63.8%,+6.1%,0.5,10.2%,65.8%,39.7%,1.7,56.0%,0.6,0.9,1.1,0.4,0.3
ATL,Buddy Hield,SG,773,17.2,11.6%,-1.0,-0.7,-0.4,11.6,7.9,1.5,0.5,2.4,56.0%,-1.7%,1.0,9.7%,60.0%,34.2%,4.4,79.4%,0.8,0.6,1.8,0.8,0.2
ATL,Keaton Wallace,PG,446,11.2,31.6%,-1.4,-1.2,-0.2,8.8,3.9,2.0,0.6,1.1,54.6%,-3.1%,0.6,8.5%,44.2%,40.5%,2.1,54.5%,0.3,0.1,1.1,0.5,0.1
ATL,Zaccharie Risacher,SG,1018,24.2,7.7%,-1.9,-1.5,-0.4,13.8,10.5,1.3,0.4,3.5,54.4%,-3.3%,1.0,7.7%,53.7%,35.2%,4.3,60.3%,1.4,0.9,2.6,0.9,0.5
ATL,RayJ Dennis,PG,177,11.8,35.2%,-2.0,-2.2,+0.2,8.7,4.3,2.0,1.1,1.5,41.0%,-16.6%,1.0,11.8%,29.4%,30.8%,2.6,88.9%,0.6,0.5,1.0,0.3,0.3
BKN,Michael Porter Jr.,PF,1353,33.0,13.1%,+1.4,+2.1,-0.8,32.5,25.0,3.2,1.5,7.2,61.5%,+3.9%,2.5,8.6%,56.8%,38.5%,9.5,85.4%,4.3,1.3,5.9,1.0,0.2
BKN,Day'Ron Sharpe,C,944,18.5,12.2%,+1.3,-0.2,+1.5,14.2,8.5,2.3,0.7,6.7,64.6%,+6.9%,1.6,14.8%,66.3%,21.9%,0.6,67.9%,2.6,2.7,4.0,1.1,0.4
BKN,Ziaire Williams,SF,873,23.0,8.1%,-0.5,-1.0,+0.5,11.7,9.7,0.8,0.4,2.6,57.7%,+0.0%,1.1,9.9%,61.3%,32.3%,5.1,85.9%,2.1,0.6,2.1,1.2,0.5
BKN,Egor Dëmin,SF,1151,25.0,27.4%,-0.7,-0.3,-0.4,19.1,10.8,3.3,1.2,3.1,57.4%,-0.2%,1.8,11.5%,43.4%,39.6%,6.4,86.2%,1.3,0.5,2.7,0.8,0.3
BKN,Nic Claxton,C,1464,29.3,14.7%,-1.2,-1.2,+0.0,22.2,12.5,4.0,1.4,7.3,60.8%,+3.1%,1.4,8.9%,60.2%,21.4%,0.3,60.7%,3.7,2.6,4.7,0.7,1.3
BKN,Noah Clowney,PF,1335,28.4,10.0%,-1.5,-1.2,-0.4,17.5,13.0,1.8,0.5,4.3,54.8%,-2.9%,1.7,10.9%,51.1%,32.3%,6.4,79.8%,3.7,1.0,3.3,0.7,0.8
BKN,Danny Wolf,PF,786,20.2,15.3%,-1.7,-1.6,-0.1,13.1,8.4,2.0,0.9,4.7,51.1%,-6.6%,1.1,9.2%,47.4%,32.6%,3.5,78.6%,1.4,1.1,3.6,0.6,0.5
BKN,Jalen Wilson,SF,513,14.7,11.8%,-2.0,-1.4,-0.6,7.0,5.4,0.6,0.2,1.6,51.4%,-6.3%,0.5,8.4%,38.1%,35.4%,2.8,76.1%,1.3,0.2,1.4,0.4,0.1
BKN,Tyrese Martin,SG,696,18.8,25.8%,-2.1,-1.4,-0.7,11.8,7.3,1.9,0.7,2.9,50.8%,-6.9%,0.9,8.6%,47.6%,33.6%,4.1,73.1%,0.7,0.9,2.0,0.6,0.1
BKN,Drake Powell,SG,802,19.1,15.9%,-2.1,-1.3,-0.8,10.2,6.2,1.5,0.5,1.7,55.9%,-1.8%,1.0,12.1%,56.9%,29.9%,2.5,89.1%,1.3,0.3,1.4,0.5,0.2
BKN,Terance Mann,SG,1163,25.3,24.5%,-2.2,-1.4,-0.8,16.0,7.5,3.4,1.1,3.3,55.6%,-2.1%,1.2,10.1%,52.4%,34.5%,2.5,81.2%,1.4,1.2,2.1,0.7,0.2
BKN,Nolan Traore,PG,650,21.0,35.3%,-2.3,-1.6,-0.7,16.5,7.5,3.5,1.2,1.6,50.7%,-7.0%,1.6,12.2%,45.0%,33.7%,2.9,76.7%,1.4,0.2,1.4,0.5,0.4
BKN,Ben Saraf,SG,384,17.5,34.1%,-2.3,-2.3,+0.0,12.0,5.1,2.7,0.8,1.6,43.8%,-13.9%,1.8,17.2%,40.0%,25.0%,2.2,72.7%,1.5,0.3,1.3,0.8,0.2
BOS,Jaylen Brown,SF,1675,34.2,28.2%,+2.3,+3.6,-1.3,41.1,29.3,4.7,1.4,6.9,57.3%,-0.4%,3.6,9.5%,53.2%,34.8%,6.0,77.5%,7.0,1.2,5.7,1.0,0.4
BOS,Derrick White,SG,1781,34.3,32.2%,+2.3,+1.3,+1.0,30.8,17.2,5.6,2.0,4.4,52.3%,-5.3%,1.8,7.0%,47.8%,32.5%,8.8,89.4%,2.7,1.0,3.4,1.2,1.4
BOS,Neemias Queta,C,1280,25.1,7.3%,+1.8,-0.3,+2.0,13.5,9.7,1.5,0.2,8.3,65.4%,+7.7%,1.1,10.9%,64.9%,0.0%,0.1,67.0%,2.2,3.0,5.3,0.9,1.3
BOS,Josh Minott,PF,526,15.9,5.8%,+1.1,-0.1,+1.2,8.3,5.8,1.0,0.4,3.6,64.4%,+6.8%,0.6,9.2%,58.3%,44.2%,2.3,76.9%,0.8,1.2,2.3,0.7,0.4
BOS,Payton Pritchard,PG,1732,32.7,29.3%,+0.9,+2.0,-1.1,30.3,17.2,5.3,1.6,4.2,57.7%,+0.1%,1.2,5.1%,57.5%,35.6%,7.2,85.6%,2.0,0.9,3.3,0.8,0.1
BOS,Jordan Walsh,SG,886,18.5,6.2%,+0.7,-0.4,+1.1,7.9,5.6,0.9,0.2,4.3,62.4%,+4.8%,0.5,8.7%,61.9%,37.2%,1.8,77.8%,0.9,1.5,2.9,0.9,0.5
BOS,Sam Hauser,SG,1227,24.1,7.3%,+0.5,+0.9,-0.5,12.6,9.1,1.4,0.3,3.8,58.3%,+0.6%,0.5,5.3%,51.9%,39.2%,6.6,91.7%,0.2,0.7,3.1,0.6,0.3
BOS,Luka Garza,C,749,16.6,5.8%,+0.4,+0.4,+0.0,10.4,7.8,1.0,0.2,4.2,69.0%,+11.3%,0.6,7.3%,65.5%,43.8%,1.6,77.8%,1.8,2.4,1.8,0.4,0.5
BOS,Chris Boucher,PF,94,10.4,6.4%,+0.0,-0.5,+0.6,3.2,2.3,0.3,0.0,2.0,38.9%,-18.8%,0.1,3.3%,60.0%,13.3%,1.7,75.0%,0.4,0.2,1.8,0.6,0.8
BOS,Baylor Scheierman,SG,705,14.4,7.0%,-0.8,-1.1,+0.4,6.5,3.8,1.0,0.3,2.8,60.8%,+3.2%,0.4,9.4%,60.5%,39.4%,2.2,85.7%,0.3,0.5,2.3,0.6,0.1
BOS,Hugo González,SG,745,15.2,6.4%,-0.8,-1.9,+1.1,5.3,3.8,0.6,0.1,3.3,53.5%,-4.2%,0.6,12.8%,57.5%,32.9%,1.6,47.6%,0.4,0.9,2.5,0.6,0.2
BOS,Xavier Tillman,PF,111,7.9,7.4%,-1.0,-1.9,+1.0,3.1,2.2,0.4,0.1,1.8,50.0%,-7.7%,0.4,12.2%,68.8%,20.0%,1.1,-,0.0,0.7,1.1,0.4,0.1
BOS,Anfernee Simons,PG,1202,24.5,25.5%,-1.0,+0.9,-2.0,20.1,14.2,2.4,0.5,2.4,58.0%,+0.3%,1.1,6.7%,50.2%,39.5%,6.7,88.9%,1.5,0.5,1.9,0.6,0.1
BOS,Nikola Vučević,C,1558,30.5,10.2%,-1.7,-1.1,-0.6,25.7,16.7,3.7,1.5,9.0,58.2%,+0.5%,1.5,7.2%,56.6%,37.8%,4.5,82.5%,1.6,2.2,6.9,0.7,0.7
BOS,Ron Harper Jr.,PF,106,10.6,30.0%,-2.0,-1.6,-0.4,4.8,2.7,0.8,0.1,2.1,42.2%,-15.5%,0.1,2.5%,57.1%,25.0%,2.4,50.0%,0.2,0.9,1.2,0.1,0.4
BOS,Amari Williams,C,112,8.0,3.9%,-3.2,-2.9,-0.3,2.7,1.6,0.4,0.1,2.1,52.4%,-5.3%,0.4,18.4%,43.8%,0.0%,0.0,66.7%,0.9,0.5,1.6,0.1,0.6
CHA,LaMelo Ball,PG,1246,27.7,41.5%,+2.0,+2.5,-0.5,37.3,19.3,7.4,2.9,4.8,53.2%,-4.5%,3.0,9.3%,44.8%,36.3%,9.5,88.5%,2.5,0.8,4.0,1.1,0.2
CHA,Kon Knueppel,SG,1734,32.1,14.0%,+1.2,+2.3,-1.1,27.7,18.9,3.6,1.2,5.5,64.5%,+6.8%,2.2,9.8%,56.0%,43.1%,7.9,90.2%,2.8,1.2,4.3,0.7,0.2
CHA,Moussa Diabaté,C,1258,25.2,8.5%,+0.5,-0.4,+0.9,12.2,8.2,1.6,0.3,8.6,64.8%,+7.1%,0.9,10.5%,63.3%,50.0%,0.0,66.2%,2.7,3.7,5.0,0.7,1.0
CHA,Josh Green,SG,500,16.1,5.7%,+0.2,-0.6,+0.9,7.0,4.6,1.0,0.4,1.9,64.4%,+6.7%,0.6,11.7%,51.7%,44.0%,2.4,87.5%,0.5,0.9,1.0,0.6,0.1
CHA,Mason Plumlee,C,125,8.9,9.6%,+0.1,-2.1,+2.1,4.9,1.9,1.1,0.3,2.9,76.5%,+18.8%,0.6,22.1%,75.0%,0.0%,0.0,66.7%,0.9,0.7,2.1,0.4,0.0
CHA,Grant Williams,PF,266,19.0,5.9%,+0.1,-0.2,+0.3,10.6,6.4,1.6,0.4,4.0,52.3%,-5.4%,0.7,8.3%,56.5%,26.9%,3.7,81.5%,1.9,1.2,2.8,0.4,0.3
CHA,Miles Bridges,SF,1707,32.2,15.5%,-0.0,+0.8,-0.8,27.2,18.2,3.5,1.0,6.1,56.3%,-1.4%,1.5,6.5%,54.6%,32.7%,6.5,84.5%,3.6,1.0,5.1,0.5,0.5
CHA,Brandon Miller,SF,1158,30.5,21.0%,-0.2,+0.3,-0.5,28.9,20.6,3.3,1.2,4.7,56.0%,-1.7%,2.7,10.3%,48.0%,36.6%,8.1,89.1%,3.9,1.1,3.7,1.1,0.9
CHA,Ryan Kalkbrenner,C,986,22.9,6.3%,-0.3,-0.8,+0.6,9.9,8.2,0.7,0.2,6.0,76.0%,+18.3%,1.0,14.4%,76.5%,0.0%,0.0,67.5%,1.9,2.5,3.5,0.6,1.5
CHA,Antonio Reeves,SG,56,8.0,6.0%,-0.3,-0.1,-0.2,3.9,3.0,0.3,0.0,0.7,65.6%,+7.9%,0.0,0.0%,50.0%,50.0%,1.4,-,0.0,0.1,0.6,0.1,0.0
CHA,Pat Connaughton,SG,155,7.0,10.2%,-1.3,-1.2,-0.1,4.3,2.9,0.6,0.4,1.4,61.8%,+4.1%,0.1,4.2%,61.1%,40.7%,1.2,61.5%,0.6,0.3,1.1,0.2,0.0
CHA,Tidjane Salaün,PF,512,16.0,7.8%,-1.5,-1.3,-0.3,8.4,6.3,0.8,0.2,4.3,63.6%,+5.9%,0.8,11.2%,59.2%,43.7%,2.2,70.6%,1.1,0.8,3.6,0.4,0.2
CHA,Liam McNeeley,SG,342,12.2,8.4%,-1.7,-1.1,-0.6,6.2,4.1,0.8,0.3,2.1,55.8%,-1.9%,0.4,8.6%,40.0%,37.9%,2.1,80.6%,1.1,0.4,1.8,0.2,0.1
CHA,Tre Mann,PG,544,16.0,31.7%,-2.0,-1.1,-1.0,12.5,7.1,2.1,0.8,2.3,46.8%,-10.9%,1.3,11.3%,40.3%,33.1%,3.8,85.7%,0.6,0.6,1.7,0.5,0.1
CHA,Sion James,SG,1316,23.9,12.8%,-2.2,-2.3,+0.0,10.5,5.6,1.9,0.7,3.4,54.2%,-3.5%,0.9,11.4%,39.8%,36.5%,2.7,85.5%,1.4,0.6,2.9,0.5,0.3
CHA,Drew Peterson,PF,64,10.7,7.8%,-2.3,-1.8,-0.5,1.7,0.8,0.3,0.0,1.5,14.7%,-43.0%,0.0,0.0%,50.0%,0.0%,2.0,50.0%,0.3,0.5,1.0,0.5,0.2
CHA,KJ Simpson,PG,223,15.9,33.4%,-2.8,-2.0,-0.8,12.4,6.0,2.5,0.6,2.0,43.8%,-13.9%,1.7,14.7%,38.0%,30.8%,2.8,62.5%,1.1,0.4,1.6,1.1,0.0
CHI,Jalen Smith,PF,868,20.2,8.4%,+1.9,+0.8,+1.1,13.2,10.2,1.3,0.6,6.9,61.4%,+3.7%,0.9,8.4%,61.4%,37.9%,4.0,71.8%,1.7,1.9,5.0,0.4,0.8
CHI,Josh Giddey,PG,1090,32.1,35.8%,+0.3,+0.9,-0.6,40.3,18.6,8.8,3.3,8.6,57.0%,-0.6%,3.6,11.0%,51.1%,36.6%,4.7,77.5%,5.2,1.2,7.4,0.9,0.3
CHI,Coby White,SG,843,29.1,24.5%,-0.1,+1.3,-1.4,30.3,18.6,4.7,1.4,3.7,58.6%,+0.9%,3.0,11.6%,54.1%,34.6%,7.2,80.5%,5.3,0.2,3.5,0.7,0.1
CHI,Matas Buzelis,PF,1554,28.3,13.7%,-0.1,+0.3,-0.3,20.1,15.2,2.1,0.7,5.4,59.6%,+1.9%,1.9,10.6%,56.9%,37.2%,5.5,77.8%,2.9,1.0,4.3,0.6,1.5
CHI,Tre Jones,PG,1020,26.8,27.1%,-0.2,+0.4,-0.6,26.8,12.4,5.8,2.1,3.0,63.9%,+6.2%,1.4,7.6%,60.9%,32.8%,1.7,84.8%,3.6,0.6,2.3,1.3,0.2
CHI,Zach Collins,C,184,18.4,8.0%,-0.2,-1.5,+1.3,13.3,9.7,1.5,0.7,5.6,67.4%,+9.7%,1.0,9.6%,65.1%,42.9%,2.1,70.0%,2.0,1.6,4.0,0.2,0.4
CHI,Dalen Terry,SG,377,11.1,14.4%,-0.3,-1.4,+1.1,6.7,3.5,1.3,0.4,1.9,54.1%,-3.5%,0.6,11.8%,46.4%,41.3%,1.4,52.9%,0.5,0.6,1.3,0.6,0.3
CHI,Julian Phillips,SG,333,9.5,4.1%,-0.3,-0.4,+0.1,3.3,2.8,0.2,0.1,1.3,53.2%,-4.5%,0.2,6.7%,53.8%,32.7%,1.4,81.8%,0.3,0.6,0.6,0.5,0.2
CHI,Yuki Kawamura,PG,76,19.0,-%,-0.4,-0.8,+0.4,17.8,5.0,5.5,3.3,4.0,50.0%,-7.7%,1.0,8.6%,25.0%,30.8%,3.3,100.0%,1.5,0.8,3.3,1.3,0.0
CHI,Kevin Huerter,SG,1037,23.6,11.9%,-0.5,-0.3,-0.2,17.0,10.9,2.6,1.3,3.8,56.1%,-1.6%,1.1,7.9%,63.0%,31.4%,5.1,73.2%,1.3,0.5,3.3,0.8,0.6
CHI,Collin Sexton,PG,1030,22.9,37.3%,-0.5,+0.5,-1.1,23.1,14.4,3.6,1.5,2.0,60.8%,+3.1%,2.2,11.2%,53.5%,38.0%,3.5,87.5%,3.7,0.5,1.5,0.9,0.2
CHI,Ayo Dosunmu,SG,1187,26.4,21.6%,-0.8,+0.2,-1.0,24.2,15.0,3.6,1.2,3.0,63.7%,+6.1%,1.4,7.3%,55.6%,45.1%,4.3,85.7%,2.3,0.7,2.3,0.8,0.3
CHI,Jaden Ivey,PG,670,18.1,18.1%,-1.4,-0.8,-0.6,12.9,8.5,1.8,0.6,2.5,57.0%,-0.6%,1.1,10.0%,52.5%,37.3%,3.6,80.9%,1.3,0.6,1.8,0.6,0.4
CHI,Isaac Okoro,SG,1196,26.0,6.0%,-1.5,-0.8,-0.8,12.7,8.9,1.5,0.7,2.7,57.5%,-0.2%,0.7,6.5%,58.6%,32.7%,3.2,78.9%,1.7,1.1,1.6,0.7,0.5
CHI,Lachlan Olbrich,C,121,7.1,10.3%,-1.8,-2.4,+0.6,3.4,1.4,0.7,0.1,2.2,46.2%,-11.5%,0.2,9.9%,50.0%,28.6%,0.4,40.0%,0.6,0.7,1.5,0.1,0.1
CHI,Guerschon Yabusele,PF,473,10.5,7.5%,-2.0,-1.3,-0.8,4.9,3.4,0.5,0.1,2.3,50.7%,-7.0%,0.4,9.2%,51.9%,32.6%,2.0,64.3%,0.3,0.6,1.7,0.2,0.2
CHI,Rob Dillingham,PG,400,10.5,34.1%,-2.9,-2.0,-0.9,8.5,4.1,1.8,0.8,1.4,42.5%,-15.1%,1.1,13.8%,35.9%,33.3%,1.0,77.8%,0.7,0.2,1.2,0.7,0.1
CHI,Patrick Williams,SF,979,19.2,10.0%,-3.1,-2.3,-0.8,10.1,6.9,1.3,0.6,2.9,50.6%,-7.1%,0.9,10.0%,38.4%,38.6%,3.5,68.8%,0.9,0.7,2.2,0.6,0.3
CLE,Donovan Mitchell,PG,1719,33.7,31.5%,+5.3,+5.4,-0.1,43.2,29.0,5.9,2.4,4.5,61.9%,+4.2%,3.1,8.4%,58.3%,37.6%,9.6,85.3%,6.0,0.8,3.7,1.5,0.3
CLE,Jarrett Allen,C,1175,27.3,7.0%,+2.8,+0.9,+1.9,19.3,14.6,2.0,0.7,8.3,65.4%,+7.7%,1.4,9.3%,63.5%,11.1%,0.2,74.9%,4.1,2.3,5.9,1.0,0.9
CLE,Evan Mobley,C,1402,33.4,15.6%,+2.5,+1.2,+1.3,28.0,17.9,4.0,1.2,8.8,57.8%,+0.1%,2.1,9.1%,59.3%,30.4%,3.8,63.5%,4.6,2.3,6.5,0.9,2.0
CLE,Sam Merrill,SG,786,25.4,8.6%,+0.6,+0.8,-0.2,19.0,13.6,2.3,0.8,2.3,69.6%,+11.9%,0.9,6.7%,53.7%,47.2%,7.5,87.8%,1.3,0.7,1.6,0.6,0.2
CLE,Keon Ellis,SG,841,17.9,9.6%,+0.5,-0.5,+1.0,7.2,5.5,0.7,0.2,1.4,53.3%,-4.4%,0.5,8.4%,47.1%,36.5%,3.4,61.8%,0.7,0.4,1.1,1.1,0.5
CLE,Dean Wade,PF,980,22.8,6.4%,+0.5,-0.5,+1.0,9.7,5.8,1.6,0.6,4.1,56.4%,-1.3%,0.3,4.4%,63.0%,34.0%,3.5,75.0%,0.8,0.8,3.3,0.8,0.4
CLE,Darius Garland,PG,792,30.5,32.2%,+0.3,+1.7,-1.4,34.3,18.0,6.9,3.0,2.4,56.4%,-1.2%,2.8,9.8%,52.1%,36.0%,6.3,86.1%,3.0,0.5,2.0,0.8,0.1
CLE,Lonzo Ball,PG,728,20.8,20.5%,+0.2,-1.2,+1.4,14.0,4.6,3.9,1.2,4.0,43.0%,-14.7%,1.5,14.0%,44.8%,27.2%,4.2,66.7%,0.6,0.7,3.3,1.3,0.3
CLE,Craig Porter Jr.,PG,876,17.9,18.5%,-0.2,-1.4,+1.1,12.2,4.7,3.2,1.3,3.4,52.4%,-5.3%,0.9,10.2%,50.0%,37.7%,1.4,54.5%,0.7,1.4,2.1,1.0,0.6
CLE,Jaylon Tyson,SG,1390,27.8,8.9%,-0.4,+0.1,-0.4,19.5,13.9,2.3,0.7,5.4,63.5%,+5.8%,1.6,9.8%,54.3%,47.5%,4.4,75.0%,1.7,2.0,3.4,0.9,0.4
CLE,Nae'Qwan Tomlin,PF,750,17.0,5.8%,-0.5,-0.6,+0.1,8.9,6.6,0.9,0.4,3.1,54.9%,-2.7%,0.4,5.3%,64.2%,21.8%,2.0,74.5%,1.2,1.4,1.7,0.8,0.6
CLE,Thomas Bryant,C,408,10.5,9.3%,-0.8,-0.6,-0.1,6.8,5.2,0.6,0.3,2.9,64.2%,+6.5%,0.4,7.2%,69.1%,34.7%,1.9,84.2%,1.0,0.8,2.1,0.2,0.4
CLE,De'Andre Hunter,SF,1125,26.2,12.4%,-1.0,-0.2,-0.8,19.1,14.0,2.1,0.6,4.2,55.4%,-2.3%,1.7,9.6%,53.5%,30.8%,5.5,86.9%,3.2,0.7,3.6,0.7,0.1
CLE,Larry Nance Jr.,PF,322,12.9,7.0%,-1.7,-2.4,+0.8,6.1,3.6,1.0,0.4,2.6,47.3%,-10.3%,0.4,8.5%,43.2%,33.3%,1.9,60.0%,0.2,0.8,1.7,0.6,0.2
CLE,Luke Travers,SG,103,8.6,8.9%,-1.7,-1.9,+0.2,4.1,2.3,0.8,0.4,2.0,35.0%,-22.7%,0.3,5.8%,40.0%,6.2%,1.3,100.0%,0.8,0.8,1.3,0.6,0.3
CLE,Tyrese Proctor,SG,404,10.4,22.7%,-2.0,-0.9,-1.1,8.2,4.9,1.4,0.6,1.1,52.5%,-5.2%,0.7,9.4%,45.5%,35.0%,2.6,85.2%,0.7,0.2,0.9,0.4,0.0
DAL,Anthony Davis,C,626,31.3,14.9%,+2.1,+0.7,+1.4,26.9,20.4,2.8,1.0,11.1,55.0%,-2.7%,2.0,8.3%,53.5%,27.0%,1.9,72.8%,4.0,3.1,8.0,1.1,1.6
DAL,Dwight Powell,C,541,13.5,6.1%,+1.5,-1.0,+2.5,5.1,2.9,0.9,0.1,3.5,65.5%,+7.8%,0.5,14.4%,64.9%,0.0%,0.1,64.5%,1.6,1.3,2.2,0.5,0.3
DAL,Dereck Lively II,C,115,16.4,8.4%,+1.2,-0.8,+2.0,8.4,4.3,1.9,0.1,5.3,65.2%,+7.5%,1.4,22.5%,61.1%,0.0%,0.0,80.0%,1.4,2.0,3.3,0.6,1.6
DAL,Daniel Gafford,C,813,21.4,6.5%,+0.4,-1.3,+1.6,10.2,8.0,0.9,0.3,6.5,67.5%,+9.8%,1.3,15.8%,63.2%,0.0%,0.0,75.5%,2.5,2.1,4.4,0.8,1.3
DAL,Cooper Flagg,SG,1669,34.1,21.6%,-0.3,+0.3,-0.6,30.3,20.4,4.1,1.4,6.6,56.0%,-1.7%,2.2,8.4%,53.2%,30.2%,3.5,80.4%,4.7,1.1,5.4,1.2,0.8
DAL,Brandon Williams,PG,1012,22.0,37.0%,-0.4,+0.2,-0.6,21.3,12.7,3.7,1.5,2.9,55.2%,-2.5%,1.9,10.7%,55.0%,22.1%,2.5,78.1%,4.0,0.5,2.4,1.0,0.2
DAL,Max Christie,SG,1484,29.7,10.7%,-0.5,+0.1,-0.6,18.7,13.3,2.3,0.8,3.4,62.4%,+4.7%,1.1,7.4%,52.8%,42.6%,5.8,86.9%,2.0,0.2,3.2,0.6,0.4
DAL,Naji Marshall,SF,1568,29.6,13.9%,-1.0,-0.4,-0.6,22.3,15.1,3.0,1.2,4.9,62.1%,+4.5%,1.4,7.9%,62.1%,30.8%,2.9,77.5%,3.9,0.9,4.0,1.0,0.1
DAL,D'Angelo Russell,PG,495,19.0,34.3%,-1.1,-0.6,-0.5,19.7,10.2,4.0,1.5,2.3,50.6%,-7.1%,1.9,11.0%,50.8%,29.5%,4.3,71.7%,2.3,0.3,2.0,0.5,0.1
DAL,P.J. Washington,PF,1197,30.7,12.0%,-1.3,-1.9,+0.6,18.6,14.1,1.9,0.8,6.9,53.2%,-4.5%,2.0,11.2%,52.1%,30.4%,4.1,67.4%,3.3,1.4,5.6,1.0,1.3
DAL,Jaden Hardy,SG,428,12.6,13.9%,-1.3,-0.4,-0.9,8.8,6.9,0.9,0.4,1.4,54.8%,-2.9%,0.8,9.6%,45.7%,37.1%,3.6,77.5%,1.2,0.3,1.1,0.3,0.1
DAL,Jeremiah Robinson-Earl,nan,361,16.4,6.3%,-1.4,-1.0,-0.4,6.2,4.6,0.7,0.3,4.7,47.2%,-10.5%,0.5,9.0%,45.8%,24.4%,1.9,94.4%,0.8,1.6,3.0,0.4,0.0
DAL,Moussa Cisse,PF,359,12.0,5.2%,-1.4,-2.3,+0.9,4.2,3.7,0.2,0.0,4.5,58.4%,+0.7%,0.7,17.7%,60.9%,0.0%,0.0,48.2%,1.9,1.8,2.6,0.3,1.1
DAL,Klay Thompson,SG,1083,22.1,8.1%,-1.4,-1.0,-0.4,14.7,11.6,1.4,0.6,2.4,53.0%,-4.6%,1.0,7.1%,42.0%,37.5%,7.6,73.0%,0.8,0.3,2.1,0.5,0.3
DAL,Caleb Martin,SG,644,14.0,11.3%,-1.5,-2.3,+0.8,7.4,3.4,1.6,0.4,2.5,51.6%,-6.0%,0.7,12.2%,47.5%,36.8%,0.8,62.9%,0.8,0.5,2.0,0.7,0.2
DAL,Tyus Jones,PG,805,15.8,29.4%,-1.7,-0.9,-0.8,9.0,3.0,2.5,0.9,1.1,44.2%,-13.5%,0.3,4.9%,45.0%,28.2%,2.2,100.0%,0.1,0.2,0.9,0.7,0.1
DAL,Miles Kelly,PG,102,8.5,3.8%,-2.3,-1.9,-0.4,4.6,2.8,0.7,0.3,1.6,51.5%,-6.2%,0.3,8.8%,71.4%,30.8%,2.2,-,0.0,0.3,1.3,0.3,0.0
DAL,Ryan Nembhard,PG,713,18.8,37.5%,-2.7,-1.4,-1.3,18.1,6.7,4.9,1.9,1.8,50.4%,-7.3%,1.4,10.4%,45.6%,37.9%,2.3,76.9%,0.3,0.2,1.6,0.3,0.0
DAL,AJ Johnson,SG,225,8.0,21.0%,-3.4,-2.2,-1.1,4.5,2.5,0.8,0.3,1.1,37.2%,-20.4%,0.6,13.2%,32.8%,25.9%,1.0,75.0%,0.4,0.3,0.9,0.3,0.0
DEN,Nikola Jokić,C,1338,34.3,26.9%,+6.8,+5.4,+1.4,53.9,28.7,10.7,5.1,12.3,69.6%,+11.9%,3.7,8.6%,65.4%,42.0%,4.6,84.0%,7.8,3.1,9.2,1.4,0.8
DEN,Aaron Gordon,PF,642,27.9,20.3%,+3.1,+2.6,+0.4,23.7,17.7,2.5,0.9,6.2,63.6%,+6.0%,1.0,5.5%,57.7%,40.0%,4.6,78.9%,4.7,1.3,4.9,0.7,0.2
DEN,Jamal Murray,SG,1780,35.6,37.1%,+2.6,+3.3,-0.8,44.0,25.7,7.6,2.3,4.4,61.5%,+3.8%,2.3,6.4%,52.4%,42.5%,7.4,88.7%,5.0,0.4,4.0,1.0,0.4
DEN,Christian Braun,SG,576,30.3,11.4%,+0.6,+0.5,+0.1,16.7,9.9,2.8,0.9,4.3,55.6%,-2.1%,1.2,8.9%,57.5%,25.0%,2.3,77.3%,2.3,1.5,2.8,0.5,0.4
DEN,Cameron Johnson,SG,942,30.4,9.0%,+0.2,+0.7,-0.5,16.8,11.5,2.2,0.8,3.6,61.2%,+3.5%,0.9,7.0%,50.4%,43.7%,4.4,81.0%,1.9,0.7,2.9,0.7,0.3
DEN,Peyton Watson,SG,1502,30.7,16.9%,-0.7,-0.5,-0.2,19.9,14.9,2.0,0.5,4.9,59.7%,+2.0%,1.8,10.3%,53.7%,41.7%,3.7,72.7%,3.6,0.9,4.0,1.0,1.2
DEN,Tim Hardaway Jr.,SG,1487,27.5,6.7%,-0.8,+0.7,-1.4,17.2,14.1,1.3,0.5,2.6,63.6%,+5.9%,0.5,3.4%,55.5%,41.0%,7.0,85.9%,2.5,0.2,2.4,0.5,0.1
DEN,Spencer Jones,SF,1086,23.6,3.5%,-1.1,-1.6,+0.6,8.1,6.0,0.8,0.2,3.1,62.8%,+5.2%,0.6,9.6%,63.8%,41.4%,2.5,62.2%,1.0,1.1,2.0,0.9,0.4
DEN,DaRon Holmes II,PF,176,11.7,7.0%,-1.4,-1.1,-0.4,6.4,3.9,1.0,0.2,1.6,61.7%,+4.0%,0.3,7.3%,55.6%,41.2%,2.3,75.0%,0.5,0.3,1.3,0.0,0.3
DEN,Jalen Pickett,PG,688,17.6,24.2%,-1.7,-1.3,-0.4,11.6,5.4,2.5,0.9,2.6,53.3%,-4.4%,0.7,8.5%,46.6%,37.4%,2.7,90.9%,0.3,0.5,2.2,0.3,0.1
DEN,Jonas Valančiūnas,C,627,14.6,13.8%,-1.9,-1.1,-0.8,12.2,9.1,1.3,0.3,5.2,62.0%,+4.3%,1.2,11.7%,59.8%,27.8%,0.4,76.0%,2.2,1.6,3.6,0.2,0.7
DEN,Julian Strawther,SG,441,13.8,16.4%,-2.0,-1.0,-1.0,8.7,6.3,1.0,0.3,2.1,57.1%,-0.6%,0.6,8.0%,55.8%,31.9%,2.2,78.4%,1.6,0.2,1.9,0.4,0.1
DEN,Zeke Nnaji,PF,500,12.8,6.1%,-2.1,-2.6,+0.5,5.5,4.2,0.5,0.1,2.8,58.2%,+0.5%,0.5,11.4%,59.0%,27.5%,1.0,82.5%,1.0,0.7,2.0,0.3,0.5
DEN,Bruce Brown,SG,1371,24.9,17.4%,-2.6,-2.0,-0.6,12.5,7.5,2.1,0.7,4.0,54.3%,-3.3%,1.0,10.0%,50.0%,35.2%,1.6,77.1%,1.5,1.2,2.8,1.1,0.3
DEN,Hunter Tyson,SF,162,7.7,10.4%,-3.4,-2.0,-1.3,4.3,2.2,0.8,0.1,1.7,39.6%,-18.0%,0.2,6.3%,36.8%,21.2%,1.6,84.6%,0.6,0.2,1.5,0.1,0.0
DET,Cade Cunningham,PG,1640,34.9,42.7%,+3.4,+2.9,+0.5,48.0,25.3,9.6,4.5,5.6,56.5%,-1.1%,3.7,9.0%,51.9%,33.0%,5.8,80.8%,7.1,1.0,4.7,1.5,0.8
DET,Paul Reed,PF,485,12.8,9.9%,+1.6,-1.0,+2.6,9.4,6.3,1.3,0.5,4.2,62.5%,+4.8%,1.0,12.6%,62.8%,38.5%,0.7,59.6%,1.2,1.8,2.4,0.9,0.7
DET,Jalen Duren,C,1218,27.7,11.4%,+1.1,+0.6,+0.6,21.7,17.7,1.8,0.7,10.4,66.8%,+9.1%,1.9,10.8%,63.1%,0.0%,0.0,73.7%,5.3,3.7,6.7,0.9,0.8
DET,Ausar Thompson,SG,1261,25.7,19.0%,+0.8,-0.8,+1.6,16.8,10.2,2.7,1.0,6.0,53.6%,-4.0%,1.4,10.4%,52.2%,30.0%,0.4,58.0%,2.9,2.2,3.8,1.9,0.8
DET,Duncan Robinson,SG,1437,28.2,6.6%,+0.3,+0.7,-0.3,16.5,12.3,1.9,1.1,2.7,61.6%,+3.9%,0.7,5.4%,58.5%,40.1%,7.3,74.0%,1.4,0.4,2.3,0.6,0.3
DET,Ronald Holland II,PF,1016,20.7,11.2%,+0.3,-1.3,+1.6,11.6,8.1,1.4,0.5,4.3,50.8%,-6.9%,1.3,12.2%,52.3%,22.9%,2.7,78.8%,2.0,1.1,3.3,1.4,0.4
DET,Tobias Harris,PF,1033,27.9,12.8%,+0.1,-0.1,+0.2,19.1,13.4,2.3,0.9,4.9,56.9%,-0.8%,1.1,6.8%,51.6%,35.4%,4.0,87.9%,2.7,0.9,3.9,0.9,0.2
DET,Javonte Green,SG,979,18.5,7.4%,-0.0,-1.1,+1.1,8.7,7.0,0.7,0.4,2.7,59.1%,+1.4%,0.7,8.9%,55.8%,35.9%,2.9,80.2%,1.6,0.8,1.9,1.3,0.3
DET,Marcus Sasser,PG,167,9.8,26.4%,-0.2,+0.1,-0.3,10.1,5.4,1.9,0.5,0.9,61.6%,+3.9%,0.7,9.0%,56.0%,40.9%,2.6,90.9%,0.6,0.1,0.8,0.6,0.1
DET,Wendell Moore Jr.,nan,54,10.8,11.5%,-0.6,-0.9,+0.2,3.6,2.0,0.6,0.0,1.2,62.5%,+4.8%,0.2,8.8%,66.7%,0.0%,0.2,100.0%,0.4,0.2,1.0,0.4,0.4
DET,Isaiah Stewart,C,1116,23.3,6.3%,-1.0,-2.4,+1.4,12.6,10.0,1.1,0.5,5.1,62.4%,+4.7%,1.1,10.8%,63.9%,32.1%,2.2,76.0%,2.2,1.6,3.5,0.3,1.7
DET,Caris LeVert,SG,706,19.6,22.6%,-1.3,-1.7,+0.4,14.4,7.8,2.8,1.4,1.8,53.9%,-3.8%,1.3,10.7%,51.7%,34.2%,3.2,67.9%,1.6,0.3,1.5,0.9,0.6
DET,Daniss Jenkins,PG,742,16.9,33.8%,-1.5,-0.9,-0.5,15.6,8.1,3.2,1.2,1.9,53.2%,-4.5%,1.3,10.0%,45.2%,38.1%,2.6,79.5%,1.7,0.6,1.3,0.9,0.2
DET,Tolu Smith,C,70,11.7,9.8%,-1.8,-2.0,+0.3,7.7,4.8,1.0,0.2,5.2,53.7%,-4.0%,0.8,13.4%,44.4%,0.0%,0.0,72.2%,3.0,2.0,3.2,0.3,0.8
DET,Chaz Lanier,SG,171,8.6,5.8%,-1.9,-0.9,-0.9,4.6,3.1,0.7,0.2,0.9,52.5%,-5.1%,0.1,2.7%,50.0%,33.3%,2.3,100.0%,0.3,0.3,0.6,0.3,0.0
DET,Bobi Klintman,PF,64,7.1,7.9%,-2.8,-2.1,-0.7,2.8,1.9,0.4,0.3,1.9,34.0%,-23.7%,0.6,14.5%,33.3%,25.0%,1.3,0.0%,0.3,0.6,1.3,0.3,0.0
GSW,Jimmy Butler III,SF,1182,31.1,25.0%,+2.7,+2.1,+0.6,32.5,20.0,4.9,1.4,5.6,64.5%,+6.8%,1.6,6.5%,55.3%,37.6%,2.2,86.4%,7.6,2.3,3.2,1.4,0.2
GSW,Stephen Curry,PG,1222,31.3,28.2%,+2.6,+4.0,-1.4,38.7,27.2,4.8,2.1,3.5,64.0%,+6.3%,2.8,8.6%,58.4%,39.1%,11.5,93.1%,5.2,0.4,3.1,1.1,0.4
GSW,De'Anthony Melton,SG,609,21.8,22.3%,+1.9,+0.4,+1.5,17.7,11.7,2.4,0.6,2.8,53.5%,-4.2%,1.7,10.8%,54.2%,29.5%,4.7,81.8%,2.4,0.5,2.3,1.5,0.4
GSW,Draymond Green,PF,1229,26.7,17.8%,+1.8,-1.5,+3.2,21.2,8.6,5.2,2.0,5.8,53.8%,-3.9%,2.8,16.5%,56.6%,32.7%,4.7,70.7%,1.3,0.8,5.0,0.8,0.6
GSW,Moses Moody,SG,1331,25.1,9.4%,+0.9,+0.3,+0.6,15.2,11.5,1.5,0.5,3.3,60.2%,+2.5%,0.9,7.1%,51.3%,40.1%,6.0,77.9%,1.8,0.8,2.5,0.9,0.6
GSW,Gui Santos,SG,645,14.7,9.8%,+0.7,-0.0,+0.7,9.5,5.7,1.5,0.4,2.9,63.0%,+5.3%,1.0,13.0%,69.9%,37.0%,2.3,62.5%,0.9,0.8,2.1,0.7,0.3
GSW,Brandin Podziemski,SG,1478,26.9,23.8%,-0.1,-0.5,+0.3,21.1,12.0,3.5,1.0,4.6,56.8%,-0.9%,1.5,9.0%,51.8%,37.0%,4.5,76.7%,2.4,0.7,3.8,1.1,0.2
GSW,Gary Payton II,SG,654,13.1,11.2%,-0.3,-0.9,+0.6,9.1,5.3,1.6,0.5,3.1,58.2%,+0.5%,0.9,11.8%,63.2%,30.9%,1.4,57.1%,0.3,1.2,2.0,0.6,0.3
GSW,Will Richard,SG,937,19.1,8.1%,-0.5,-0.8,+0.3,10.1,6.6,1.4,0.5,2.5,60.3%,+2.7%,0.8,10.7%,66.7%,35.1%,3.1,82.2%,0.9,1.0,1.5,1.2,0.1
GSW,Pat Spencer,PG,609,15.6,34.2%,-0.8,-0.9,+0.1,14.4,6.3,3.2,1.0,2.3,52.8%,-4.9%,1.2,10.3%,45.4%,40.3%,2.0,76.5%,0.9,0.7,1.6,0.7,0.1
GSW,Quinten Post,C,936,17.0,9.2%,-0.9,-0.8,-0.1,10.9,7.7,1.4,0.5,3.8,56.6%,-1.1%,0.7,7.9%,60.5%,35.0%,4.3,81.2%,0.6,0.9,2.9,0.4,0.5
GSW,Al Horford,C,702,20.6,8.9%,-1.3,-1.7,+0.4,13.5,7.6,2.3,0.7,4.9,55.2%,-2.5%,1.0,9.2%,58.8%,33.8%,4.3,89.5%,0.6,1.0,3.9,0.8,1.1
GSW,Jonathan Kuminga,SF,476,23.8,20.8%,-1.3,-0.7,-0.7,18.1,12.1,2.5,0.8,5.8,54.3%,-3.4%,2.3,13.6%,50.4%,32.1%,2.6,74.2%,3.3,1.4,4.4,0.4,0.3
GSW,Trayce Jackson-Davis,C,411,11.4,9.2%,-1.3,-1.3,-0.1,6.4,4.2,0.9,0.3,3.1,60.5%,+2.8%,0.5,10.2%,58.4%,100.0%,0.0,55.8%,1.4,1.3,1.8,0.4,0.5
HOU,Kevin Durant,SF,1835,36.7,23.1%,+3.1,+3.0,+0.0,35.9,25.8,4.4,2.1,5.3,62.6%,+4.9%,3.2,10.2%,55.4%,40.3%,5.8,88.0%,6.2,0.5,4.8,0.9,0.9
HOU,Alperen Sengun,C,1559,33.9,22.3%,+2.2,+1.0,+1.2,35.6,20.7,6.3,2.2,9.4,55.3%,-2.4%,3.2,10.3%,52.4%,29.9%,1.9,69.1%,5.8,3.2,6.2,1.3,1.0
HOU,Steven Adams,C,730,22.8,6.6%,+2.0,-1.3,+3.3,9.2,5.8,1.5,0.5,8.6,52.2%,-5.4%,1.1,13.7%,50.4%,0.0%,0.0,58.0%,2.5,4.5,4.1,0.7,0.6
HOU,Tari Eason,PF,788,25.4,13.3%,+1.7,+0.2,+1.4,15.7,12.2,1.5,0.5,6.1,56.9%,-0.8%,1.5,10.7%,44.3%,46.0%,4.8,65.7%,1.1,1.9,4.2,1.3,0.5
HOU,Amen Thompson,SG,1937,37.3,29.8%,+1.3,+0.9,+0.4,31.1,17.6,5.4,1.4,7.6,56.9%,-0.8%,2.5,10.2%,54.8%,20.5%,1.7,78.5%,4.7,2.9,4.7,1.4,0.6
HOU,Jabari Smith Jr.,PF,1823,35.1,10.4%,+0.3,+0.1,+0.3,19.8,15.2,1.8,0.6,7.1,55.5%,-2.1%,1.3,7.5%,51.4%,35.8%,6.2,77.5%,2.7,1.6,5.5,0.8,1.0
HOU,Dorian Finney-Smith,SF,316,15.8,6.5%,+0.2,-1.2,+1.4,4.7,2.9,0.8,0.1,2.4,42.0%,-15.7%,0.6,12.0%,50.0%,24.5%,2.6,100.0%,0.3,0.8,1.5,0.3,0.2
HOU,Josh Okogie,SG,1021,19.6,6.7%,+0.2,-1.1,+1.3,7.4,5.2,0.9,0.3,2.8,55.7%,-1.9%,0.7,10.9%,50.0%,38.8%,2.3,60.0%,1.1,1.2,1.6,0.9,0.2
HOU,Reed Sheppard,PG,1310,24.7,25.9%,-0.1,-0.5,+0.4,19.9,12.7,3.0,1.0,2.6,55.1%,-2.5%,1.3,7.7%,47.6%,38.7%,6.2,77.6%,1.1,0.3,2.2,1.4,0.6
HOU,Clint Capela,C,556,11.8,6.2%,-0.3,-2.2,+1.9,5.0,3.7,0.6,0.1,4.5,53.4%,-4.3%,0.4,9.2%,52.8%,0.0%,0.0,55.3%,0.8,2.1,2.4,0.5,0.8
HOU,Jae'Sean Tate,SG,267,8.3,11.6%,-1.0,-1.8,+0.8,3.9,2.7,0.5,0.2,1.5,55.9%,-1.8%,0.3,9.7%,58.8%,31.8%,0.7,57.1%,0.2,0.7,0.8,0.3,0.1
HOU,Aaron Holiday,PG,464,13.3,17.9%,-1.1,-0.6,-0.5,8.0,5.7,1.0,0.3,0.9,57.1%,-0.5%,0.6,8.7%,43.4%,38.9%,3.1,84.8%,0.9,0.2,0.7,0.5,0.1
HOU,JD Davison,PG,178,7.4,26.3%,-1.5,-2.0,+0.5,4.7,2.2,1.1,0.3,0.9,48.2%,-9.5%,0.3,7.8%,50.0%,29.6%,1.1,55.6%,0.4,0.1,0.8,0.2,0.2
HOU,Jeff Green,PF,82,4.6,5.7%,-4.8,-3.5,-1.3,2.7,2.3,0.2,0.0,0.6,64.1%,+6.4%,0.1,2.6%,55.6%,43.5%,1.3,100.0%,0.1,0.1,0.5,0.1,0.1
IND,Pascal Siakam,PF,1723,33.8,19.6%,+1.6,+1.6,+0.0,33.6,23.7,3.9,1.2,6.7,56.0%,-1.7%,2.2,7.3%,52.1%,36.9%,4.9,68.0%,6.0,1.5,5.2,1.1,0.5
IND,Aaron Nesmith,SG,977,30.5,11.0%,+0.4,+0.2,+0.3,18.8,13.6,2.1,0.6,4.8,53.2%,-4.5%,1.4,8.5%,41.2%,37.1%,6.4,81.4%,2.7,1.3,3.4,0.7,0.6
IND,Quenton Jackson,PG,413,15.9,20.6%,+0.3,+0.2,+0.1,13.1,8.3,2.0,0.8,2.0,60.3%,+2.7%,1.2,10.7%,52.8%,40.7%,2.3,76.9%,2.5,0.6,1.4,0.7,0.2
IND,Isaiah Jackson,C,638,16.8,7.2%,-0.2,-1.0,+0.8,8.3,6.4,0.8,0.3,5.6,61.4%,+3.7%,1.1,15.6%,58.5%,0.0%,0.0,68.9%,1.9,2.3,3.3,0.7,0.8
IND,Andrew Nembhard,PG,1381,32.1,38.8%,-0.3,+0.2,-0.5,35.5,17.4,7.5,2.6,3.0,55.7%,-2.0%,2.4,8.6%,48.9%,36.4%,5.3,81.6%,4.0,0.4,2.5,0.9,0.2
IND,T.J. McConnell,PG,680,17.0,49.6%,-0.4,+0.0,-0.4,21.7,9.6,4.8,1.5,2.2,56.8%,-0.9%,1.2,7.7%,56.8%,31.6%,0.9,93.8%,0.4,0.4,1.8,1.1,0.2
IND,Cody Martin,SF,55,13.8,10.6%,-0.4,-1.8,+1.4,3.0,1.8,0.5,0.0,3.5,26.9%,-30.8%,1.0,22.0%,40.0%,0.0%,1.3,50.0%,1.5,0.3,3.3,1.0,0.5
IND,Johnny Furphy,SF,643,18.4,7.8%,-0.5,-1.6,+1.0,7.8,5.1,1.2,0.4,4.4,54.9%,-2.8%,0.8,12.4%,60.3%,32.4%,2.0,48.6%,1.0,0.9,3.5,0.6,0.2
IND,Garrison Mathews,SG,196,13.1,5.9%,-0.6,-0.6,-0.0,6.7,5.2,0.7,0.3,1.1,62.9%,+5.2%,0.2,3.9%,66.7%,37.0%,3.1,82.6%,1.5,0.1,1.0,0.4,0.2
IND,Jay Huff,C,1101,20.0,5.9%,-0.7,-0.9,+0.2,11.8,8.7,1.3,0.3,3.8,59.5%,+1.8%,0.8,8.1%,73.7%,31.5%,4.3,84.5%,1.1,0.9,2.9,0.6,1.9
IND,Obi Toppin,PF,82,27.3,14.6%,-0.7,+0.5,-1.3,17.7,14.0,1.7,1.0,6.7,52.5%,-5.2%,2.0,11.4%,63.2%,17.6%,5.7,100.0%,3.0,1.0,5.7,1.0,0.0
IND,Monté Morris,PG,65,10.8,28.3%,-0.8,-0.5,-0.3,6.5,3.0,1.5,0.3,1.2,40.9%,-16.8%,0.3,6.1%,41.7%,25.0%,1.3,50.0%,0.7,0.2,1.0,0.2,0.2
IND,Micah Potter,PF,408,18.5,6.0%,-1.3,-0.9,-0.4,11.1,7.5,1.5,0.4,4.3,63.4%,+5.7%,0.7,8.8%,63.2%,37.5%,3.3,88.1%,1.9,0.8,3.5,0.4,0.3
IND,Tony Bradley,C,416,11.2,4.9%,-1.5,-1.9,+0.4,5.4,4.1,0.5,0.1,2.9,59.9%,+2.2%,0.5,10.4%,55.8%,50.0%,0.1,74.4%,1.2,1.5,1.4,0.2,0.2
IND,Ben Sheppard,SG,939,21.3,11.4%,-1.7,-1.1,-0.6,10.8,6.5,1.8,0.7,3.1,52.7%,-4.9%,0.6,6.7%,49.5%,34.6%,3.6,77.1%,0.8,0.6,2.5,0.5,0.1
IND,James Wiseman,C,58,14.5,5.2%,-2.0,-2.3,+0.3,5.3,3.3,0.8,0.3,2.0,59.1%,+1.4%,1.3,26.7%,60.0%,0.0%,0.0,50.0%,0.5,1.3,0.8,0.0,0.3
IND,Jarace Walker,PF,1297,24.0,12.1%,-2.0,-1.3,-0.7,15.2,10.5,2.0,1.0,4.5,52.7%,-4.9%,1.6,11.7%,44.1%,36.4%,4.4,78.0%,2.2,0.5,3.9,0.8,0.4
IND,Bennedict Mathurin,SG,891,31.8,14.3%,-2.1,-1.0,-1.1,23.4,17.8,2.3,0.6,5.4,58.8%,+1.2%,2.3,11.0%,48.0%,37.2%,5.6,88.4%,5.2,0.8,4.6,0.6,0.1
IND,Taelon Peter,PG,196,8.2,13.4%,-2.2,-1.7,-0.5,4.8,2.4,1.0,0.4,1.2,48.3%,-9.3%,0.4,10.6%,60.0%,30.2%,2.2,66.7%,0.3,0.3,0.9,0.4,0.1
IND,Ethan Thompson,SG,352,16.0,9.0%,-2.2,-2.1,-0.1,8.5,5.0,1.5,0.6,1.8,50.6%,-7.1%,0.5,7.7%,50.0%,31.8%,3.0,68.8%,0.7,0.5,1.3,0.6,0.3
IND,Kam Jones,SG,214,11.9,21.5%,-2.6,-1.5,-1.1,6.9,3.1,1.5,0.6,1.1,45.8%,-11.8%,0.4,8.5%,57.6%,20.0%,1.4,50.0%,0.2,0.3,0.7,0.2,0.0
LAC,Kawhi Leonard,SF,1344,32.8,25.6%,+5.9,+4.6,+1.3,37.0,27.9,3.7,1.1,6.4,62.0%,+4.3%,2.1,6.8%,55.1%,38.3%,7.0,91.2%,6.4,1.1,5.4,2.1,0.5
LAC,James Harden,SG,1559,35.4,43.0%,+2.7,+3.4,-0.7,44.6,25.4,8.1,3.2,4.8,60.2%,+2.6%,3.7,9.7%,49.2%,34.7%,8.8,90.1%,8.5,0.6,4.2,1.3,0.4
LAC,Ivica Zubac,C,1328,30.9,9.8%,+2.0,-0.1,+2.1,19.7,14.4,2.2,1.0,11.0,63.7%,+6.0%,1.9,12.1%,61.3%,0.0%,0.0,70.5%,3.1,3.4,7.6,0.4,0.8
LAC,Derrick Jones Jr.,SG,546,24.8,9.0%,+1.4,+0.3,+1.1,13.0,10.0,1.2,0.4,2.5,68.0%,+10.3%,0.8,7.9%,66.7%,40.0%,3.2,77.5%,1.8,0.8,1.8,0.9,1.1
LAC,John Collins,PF,1426,28.0,8.0%,+0.9,+0.1,+0.9,16.1,13.8,0.9,0.3,5.1,66.5%,+8.8%,1.3,10.1%,63.5%,43.0%,3.2,78.3%,2.1,1.4,3.7,0.8,0.8
LAC,Kris Dunn,SG,1482,27.4,20.8%,+0.5,-0.7,+1.3,16.1,8.0,3.4,1.1,2.9,58.9%,+1.2%,1.4,11.6%,56.9%,37.2%,2.9,78.5%,1.2,0.8,2.1,1.5,0.1
LAC,Jordan Miller,SG,652,19.8,14.0%,-0.5,-0.3,-0.3,13.2,9.1,1.6,0.5,3.2,61.7%,+4.0%,1.2,11.1%,59.5%,35.7%,2.1,78.7%,2.7,0.9,2.3,0.7,0.2
LAC,Bogdan Bogdanović,SG,372,21.9,22.7%,-0.7,-0.8,+0.1,14.5,7.6,2.6,0.6,2.8,50.0%,-7.7%,1.3,10.8%,44.7%,32.4%,4.4,84.2%,1.1,0.3,2.5,0.5,0.1
LAC,Brook Lopez,C,874,18.6,6.6%,-0.7,-2.1,+1.5,9.3,6.8,1.0,0.2,2.6,52.8%,-4.9%,0.8,9.6%,46.7%,34.8%,4.2,85.3%,0.7,0.3,2.3,0.5,1.1
LAC,Kobe Brown,PF,295,8.7,15.5%,-1.3,-0.9,-0.5,4.7,2.9,0.8,0.4,1.6,51.5%,-6.1%,0.4,10.7%,57.1%,26.5%,1.4,80.8%,0.8,0.5,1.0,0.3,0.1
LAC,Nicolas Batum,PF,992,19.5,5.4%,-1.4,-2.4,+1.1,6.4,4.4,0.8,0.2,2.6,59.3%,+1.6%,0.7,13.2%,44.4%,39.4%,3.4,81.8%,0.2,0.4,2.3,0.7,0.4
LAC,Yanic Konan Niederhäuser,PF,306,9.0,6.3%,-1.6,-2.0,+0.3,4.4,3.7,0.3,0.1,2.3,67.9%,+10.3%,0.6,15.5%,70.6%,0.0%,0.1,67.4%,1.3,0.9,1.5,0.1,0.6
LAC,Bradley Beal,SG,121,20.2,14.2%,-1.7,-0.3,-1.3,12.0,8.2,1.7,1.0,0.8,47.1%,-10.6%,1.5,12.3%,37.9%,36.8%,3.2,75.0%,1.3,0.3,0.5,0.5,0.0
LAC,Chris Paul,PG,228,14.3,36.9%,-1.8,-1.7,-0.0,11.1,2.9,3.3,0.7,1.8,41.2%,-16.4%,1.0,12.5%,30.8%,33.3%,1.9,50.0%,0.1,0.4,1.4,0.7,0.0
LAC,Cam Christie,SG,379,10.0,16.2%,-2.0,-1.8,-0.2,4.8,3.4,0.6,0.2,1.6,51.2%,-6.5%,0.4,9.6%,47.0%,28.6%,1.1,76.2%,1.1,0.3,1.3,0.3,0.1
LAC,Kobe Sanders,PF,973,21.2,17.0%,-2.8,-2.0,-0.7,11.1,6.9,1.7,0.5,2.6,55.4%,-2.3%,1.3,14.1%,49.6%,37.0%,2.8,80.0%,1.1,0.5,2.1,0.6,0.1
LAL,Luka Dončić,SF,1492,35.5,42.2%,+4.0,+4.7,-0.7,52.8,32.8,8.6,4.0,7.8,61.5%,+3.8%,4.3,9.2%,58.7%,34.5%,10.3,78.1%,10.9,0.8,7.1,1.5,0.5
LAL,Austin Reaves,PG,939,33.5,34.4%,+1.9,+3.2,-1.3,39.3,25.4,6.0,2.4,5.0,66.7%,+9.0%,3.4,10.3%,62.5%,36.3%,6.9,86.7%,8.3,0.7,4.4,1.0,0.2
LAL,Jarred Vanderbilt,C,867,19.3,8.6%,+1.4,-1.0,+2.3,8.2,5.1,1.3,0.5,5.0,55.1%,-2.6%,1.0,14.8%,60.0%,30.4%,1.8,63.8%,1.0,1.4,3.6,1.0,0.4
LAL,LeBron James,SF,1200,33.3,21.1%,+1.0,+1.7,-0.8,38.6,22.0,7.1,2.8,5.8,58.5%,+0.8%,3.1,9.6%,58.0%,30.5%,4.6,74.6%,5.6,0.7,5.1,1.1,0.6
LAL,Marcus Smart,SG,1250,28.4,15.9%,+0.4,-0.2,+0.6,16.3,9.8,2.9,1.4,3.0,54.8%,-2.9%,1.6,11.7%,51.1%,32.9%,4.8,82.8%,2.3,0.7,2.3,1.3,0.4
LAL,Deandre Ayton,C,1299,28.2,7.0%,+0.2,-0.8,+1.0,15.4,13.2,0.9,0.3,8.5,67.8%,+10.1%,1.4,11.0%,67.5%,0.0%,0.0,64.6%,1.8,2.5,5.9,0.6,1.0
LAL,Jaxson Hayes,C,796,17.7,5.3%,-0.3,-1.1,+0.8,9.2,6.9,1.0,0.3,3.9,77.1%,+19.4%,0.5,8.8%,77.0%,100.0%,0.0,64.1%,1.7,1.4,2.4,0.4,0.6
LAL,Luke Kennard,SG,1039,20.8,9.6%,-0.4,-0.2,-0.2,13.5,8.1,2.1,0.6,2.2,71.4%,+13.7%,0.7,7.8%,62.5%,49.4%,3.2,92.5%,0.8,0.4,1.8,0.7,0.1
LAL,Jake LaRavia,PF,1450,26.9,10.8%,-0.5,-0.9,+0.4,14.0,9.5,1.9,0.6,4.0,58.1%,+0.4%,1.2,10.3%,59.4%,32.6%,3.5,76.5%,2.1,1.4,2.6,1.3,0.5
LAL,Rui Hachimura,SF,1314,29.9,5.9%,-0.8,-0.3,-0.6,14.3,12.1,0.9,0.3,3.5,61.8%,+4.1%,0.8,6.7%,56.1%,44.7%,4.1,73.5%,1.1,0.6,2.9,0.5,0.3
LAL,Maxi Kleber,PF,333,11.5,5.0%,-1.3,-2.5,+1.2,4.1,2.3,0.7,0.2,1.9,52.4%,-5.3%,0.4,13.2%,53.1%,28.6%,0.7,70.0%,0.7,0.8,1.1,0.4,0.2
LAL,Gabe Vincent,SG,559,19.3,13.7%,-1.7,-1.2,-0.5,7.7,4.8,1.3,0.5,0.9,51.2%,-6.5%,0.4,6.6%,25.9%,36.9%,3.6,90.9%,0.4,0.2,0.7,0.5,0.0
LAL,Drew Timme,nan,150,8.3,9.9%,-1.8,-1.6,-0.1,5.3,3.5,0.8,0.3,1.3,64.3%,+6.6%,0.3,8.1%,65.5%,41.2%,0.9,57.1%,0.4,0.4,0.8,0.3,0.0
LAL,Dalton Knecht,SG,490,11.4,8.4%,-1.8,-0.6,-1.2,5.5,4.6,0.3,0.0,1.5,54.7%,-2.9%,0.4,8.8%,63.9%,30.6%,2.3,70.0%,0.5,0.3,1.2,0.2,0.2
LAL,Bronny James,PG,211,7.3,23.0%,-2.2,-1.5,-0.7,5.0,2.2,1.2,0.6,0.5,50.8%,-6.9%,0.5,12.0%,39.4%,40.7%,0.9,80.0%,0.2,0.1,0.4,0.4,0.1
LAL,Adou Thiero,SG,98,5.8,7.8%,-2.3,-2.3,+0.0,2.3,1.5,0.3,0.0,1.1,52.1%,-5.6%,0.2,12.2%,47.4%,0.0%,0.1,77.8%,0.5,0.4,0.6,0.3,0.1
LAL,Nick Smith Jr.,SG,318,12.7,29.6%,-2.9,-1.4,-1.5,8.4,5.8,1.1,0.6,0.8,53.3%,-4.4%,0.8,9.7%,45.3%,39.1%,2.8,63.6%,0.4,0.1,0.7,0.4,0.1
LAL,Kobe Bufkin,nan,71,11.8,22.0%,-3.2,-2.6,-0.7,4.5,3.2,0.5,0.2,1.2,39.6%,-18.1%,0.7,13.1%,30.0%,25.0%,2.0,100.0%,0.7,0.2,1.0,0.3,0.5
MEM,Ty Jerome,PG,121,20.2,-%,+2.0,+2.2,-0.2,33.7,19.7,6.0,1.8,2.2,70.5%,+12.8%,1.7,6.1%,66.7%,40.0%,5.8,84.8%,5.5,0.5,1.7,1.2,0.3
MEM,Jaren Jackson Jr.,PF,1382,30.7,12.3%,+1.6,+0.1,+1.4,24.0,19.2,1.9,0.5,5.8,57.6%,-0.1%,2.2,10.0%,53.1%,35.9%,4.9,79.7%,4.2,0.9,4.8,1.0,1.5
MEM,Ja Morant,PG,568,28.4,42.9%,+1.1,+1.7,-0.7,38.6,19.4,8.1,3.0,3.3,51.8%,-5.9%,3.5,10.7%,47.3%,23.5%,4.3,89.7%,5.8,0.4,2.9,1.0,0.3
MEM,Zach Edey,C,284,25.8,6.1%,+0.1,-1.2,+1.3,16.4,13.6,1.1,0.2,11.1,66.4%,+8.7%,2.4,16.6%,65.6%,20.0%,0.5,78.1%,2.9,3.9,7.2,0.6,1.9
MEM,Scotty Pippen Jr.,PG,60,20.0,-%,+0.0,-0.4,+0.4,21.0,10.7,4.3,1.3,1.0,59.3%,+1.6%,1.7,9.9%,52.9%,42.9%,2.3,83.3%,2.0,0.3,0.7,2.0,0.7
MEM,Santi Aldama,PF,1198,27.9,12.1%,+0.0,+0.4,-0.4,21.2,14.0,2.9,0.8,6.7,58.0%,+0.3%,1.3,7.4%,57.2%,35.0%,4.7,66.7%,2.7,1.6,5.1,0.9,0.7
MEM,Cam Spencer,PG,1229,24.1,28.0%,-0.3,+0.8,-1.1,24.9,11.6,5.6,1.9,2.7,65.4%,+7.8%,1.5,8.2%,52.2%,44.7%,4.8,93.1%,2.0,0.5,2.2,0.7,0.1
MEM,Kentavious Caldwell-Pope,SG,1088,21.3,18.4%,-0.7,-0.8,+0.1,14.8,8.4,2.7,0.9,2.5,53.0%,-4.7%,1.2,9.7%,49.5%,31.6%,3.4,91.2%,1.6,0.4,2.1,0.8,0.2
MEM,Cedric Coward,SG,1263,26.3,18.6%,-0.9,-0.0,-0.9,20.1,13.3,2.9,1.1,6.2,58.0%,+0.3%,1.8,10.2%,56.1%,34.0%,4.4,84.3%,2.5,1.4,4.9,0.6,0.4
MEM,GG Jackson,SF,616,18.7,10.7%,-1.4,-0.7,-0.7,11.8,9.0,1.2,0.5,3.6,58.7%,+1.1%,1.0,9.7%,60.6%,32.7%,3.1,74.1%,1.8,0.6,3.0,0.7,0.6
MEM,Jahmai Mashack,nan,142,11.8,11.0%,-1.5,-2.0,+0.5,6.3,3.9,1.0,0.3,1.3,51.1%,-6.6%,0.8,13.1%,56.5%,30.4%,1.9,-,0.0,0.3,1.0,1.4,0.1
MEM,Olivier-Maxence Prosper,PF,398,13.7,10.9%,-1.6,-0.9,-0.7,8.0,6.4,0.7,0.1,2.9,63.4%,+5.7%,0.7,10.5%,55.1%,41.8%,1.9,87.0%,1.6,0.9,2.0,0.3,0.1
MEM,Jaylen Wells,SG,1394,26.8,11.2%,-1.9,-0.9,-0.9,16.2,12.1,1.7,0.5,3.4,54.2%,-3.5%,1.1,7.7%,49.6%,33.8%,5.2,76.5%,2.6,0.9,2.5,0.8,0.1
MEM,Christian Koloko,C,201,15.5,4.6%,-2.0,-3.5,+1.4,4.2,2.2,0.8,0.2,3.5,39.2%,-18.6%,0.5,13.6%,41.2%,0.0%,0.1,25.0%,0.3,1.5,2.0,0.8,1.0
MEM,Javon Small,PG,297,14.8,33.5%,-2.3,-1.2,-1.1,13.8,6.0,3.2,0.8,2.2,51.7%,-6.0%,1.1,10.1%,41.8%,36.0%,2.5,80.0%,1.3,0.7,1.5,0.3,0.1
MIA,Bam Adebayo,C,1506,31.4,12.7%,+2.5,+0.9,+1.6,25.4,18.4,2.8,1.1,9.9,54.5%,-3.2%,1.9,8.1%,49.4%,33.8%,4.8,78.2%,4.9,2.1,7.8,1.0,0.7
MIA,Tyler Herro,SG,349,31.7,12.3%,+1.2,+1.8,-0.6,28.5,21.9,2.7,1.0,4.7,60.7%,+3.0%,1.5,6.4%,57.9%,35.8%,6.1,90.2%,3.7,0.5,4.2,1.0,0.5
MIA,Norman Powell,SG,1379,30.6,11.4%,+1.1,+1.7,-0.6,28.9,23.0,2.6,1.0,3.6,62.3%,+4.6%,2.0,7.8%,53.8%,39.6%,7.3,84.3%,5.6,0.4,3.3,1.2,0.2
MIA,Davion Mitchell,PG,1329,28.9,24.8%,+0.0,-0.7,+0.7,26.6,9.0,7.1,2.2,2.5,55.5%,-2.2%,1.6,9.1%,50.9%,40.1%,3.0,64.8%,1.2,0.4,2.1,1.1,0.1
MIA,Pelle Larsson,SG,1077,23.9,9.6%,-0.0,-0.0,-0.0,18.2,10.2,3.3,1.4,3.3,60.3%,+2.7%,1.1,8.2%,59.4%,33.3%,2.8,76.7%,2.6,0.8,2.5,0.6,0.2
MIA,Simone Fontecchio,SF,931,17.6,8.8%,-0.3,-0.3,+0.0,12.5,8.7,1.5,0.4,3.3,56.2%,-1.5%,0.8,7.4%,47.0%,35.8%,5.0,83.1%,1.6,0.8,2.5,0.5,0.2
MIA,Myron Gardner,SG,254,9.8,11.2%,-0.4,-0.8,+0.4,7.0,4.2,1.0,0.2,3.0,59.2%,+1.6%,0.2,4.6%,53.8%,40.0%,1.7,72.2%,0.7,1.0,2.0,0.5,0.2
MIA,Jaime Jaquez Jr.,SF,1473,28.9,23.5%,-0.4,-0.4,-0.0,26.7,15.2,4.7,1.6,5.4,55.9%,-1.8%,2.3,10.3%,55.2%,26.5%,2.0,74.8%,3.2,1.3,4.1,0.8,0.3
MIA,Andrew Wiggins,SG,1564,31.3,11.3%,-0.5,-0.7,+0.3,22.7,15.9,2.8,1.0,5.0,57.1%,-0.6%,1.7,8.7%,51.8%,39.5%,5.0,76.7%,2.3,1.8,3.2,1.2,1.0
MIA,Dru Smith,PG,948,17.2,20.3%,-0.9,-1.6,+0.7,12.7,6.1,2.8,1.0,2.6,53.4%,-4.2%,0.9,8.8%,48.4%,30.7%,2.1,83.7%,1.7,0.9,1.7,1.5,0.3
MIA,Kel'el Ware,C,1162,22.3,5.5%,-0.9,-0.5,-0.4,12.8,11.3,0.6,0.2,9.2,61.9%,+4.2%,0.9,8.1%,59.7%,40.3%,2.9,79.2%,1.4,3.0,6.2,0.8,1.0
MIA,Nikola Jović,SF,789,17.9,13.7%,-0.9,-1.2,+0.3,13.0,7.7,2.3,0.9,3.5,48.4%,-9.3%,1.5,12.2%,48.3%,27.0%,3.7,68.7%,2.3,0.6,2.9,0.6,0.4
MIA,Kasparas Jakučionis,SG,494,17.0,17.5%,-1.1,-1.3,+0.2,11.6,5.6,2.4,0.9,2.4,58.2%,+0.5%,0.9,10.9%,30.4%,45.1%,2.8,88.9%,0.9,0.8,1.6,0.7,0.1
MIA,Keshad Johnson,PF,159,7.6,11.7%,-1.7,-1.3,-0.4,3.4,3.1,0.1,0.0,1.9,50.8%,-6.9%,0.4,11.8%,47.1%,30.4%,1.1,76.5%,0.8,0.7,1.1,0.2,0.2
MIL,Giannis Antetokounmpo,PF,876,29.2,31.0%,+5.8,+4.1,+1.6,43.1,28.0,5.6,1.0,10.0,67.7%,+10.0%,3.3,9.8%,66.6%,39.5%,1.3,65.8%,9.9,2.8,7.2,0.9,0.7
MIL,Kevin Porter Jr.,PG,943,33.7,38.5%,+1.0,+0.5,+0.5,35.8,17.3,7.6,2.7,5.2,56.0%,-1.7%,3.2,11.1%,50.8%,32.3%,4.4,87.3%,4.2,0.9,4.4,2.2,0.4
MIL,Myles Turner,C,1428,28.6,5.6%,+0.8,-0.6,+1.4,16.8,12.7,1.6,0.6,5.7,58.5%,+0.8%,1.2,8.2%,51.5%,38.7%,5.6,75.6%,2.7,1.2,4.5,0.7,1.7
MIL,Ryan Rollins,PG,1633,32.0,29.8%,+0.4,+0.4,+0.1,30.3,16.9,5.5,1.8,4.6,56.7%,-0.9%,2.4,9.5%,50.5%,40.7%,5.9,75.7%,2.0,0.8,3.8,1.5,0.4
MIL,AJ Green,SG,1480,30.2,8.7%,+0.0,+0.1,-0.1,15.7,10.7,2.0,0.7,2.6,64.1%,+6.5%,0.8,7.3%,51.2%,43.1%,7.1,79.4%,0.7,0.2,2.4,0.6,0.1
MIL,Pete Nance,PF,247,10.7,11.7%,-0.1,-0.3,+0.2,6.6,5.0,0.6,0.2,2.0,76.7%,+19.0%,0.4,9.5%,71.9%,53.5%,1.9,-,0.0,0.5,1.6,0.3,0.2
MIL,Ousmane Dieng,SF,359,12.0,16.4%,-0.6,-0.3,-0.3,7.4,4.6,1.1,0.3,1.9,57.0%,-0.7%,0.3,4.7%,51.0%,40.0%,2.2,80.0%,0.3,0.3,1.6,0.1,0.4
MIL,Cam Thomas,SG,640,23.7,26.5%,-0.6,+1.2,-1.9,23.0,15.7,2.9,1.1,1.8,53.4%,-4.3%,2.0,9.2%,45.4%,33.3%,4.8,85.3%,4.3,0.3,1.5,0.1,0.1
MIL,Gary Harris,SG,553,14.6,5.6%,-0.9,-1.8,+0.9,5.1,2.5,1.1,0.3,1.4,61.0%,+3.4%,0.4,12.5%,48.1%,42.6%,1.2,88.9%,0.2,0.3,1.1,0.6,0.2
MIL,Bobby Portis,C,1240,24.3,11.2%,-1.1,-0.6,-0.6,17.3,13.2,1.6,0.5,6.6,57.7%,+0.1%,1.0,7.0%,50.3%,45.1%,4.2,72.3%,0.9,1.3,5.3,0.6,0.2
MIL,Thanasis Antetokounmpo,C,57,3.0,5.6%,-1.3,-2.6,+1.3,1.5,1.2,0.1,0.0,0.7,55.0%,-2.7%,0.2,11.8%,57.1%,0.0%,0.1,54.5%,0.6,0.4,0.3,0.3,0.2
MIL,Taurean Prince,SG,169,21.1,6.9%,-1.3,-1.3,-0.0,8.4,6.1,1.0,0.5,1.6,62.8%,+5.1%,0.6,9.7%,50.0%,42.9%,3.5,100.0%,0.4,0.0,1.6,0.8,0.3
MIL,Andre Jackson Jr.,SG,168,6.5,15.1%,-1.4,-1.9,+0.4,3.9,1.5,0.9,0.2,0.9,38.0%,-19.7%,0.3,11.0%,36.8%,19.2%,1.0,90.0%,0.4,0.4,0.5,0.2,0.1
MIL,Cole Anthony,PG,527,15.1,40.7%,-1.8,-1.6,-0.3,15.0,6.7,3.5,1.4,2.5,48.3%,-9.3%,1.9,14.0%,47.8%,30.6%,2.1,61.5%,0.7,0.5,2.0,0.6,0.3
MIL,Amir Coffey,SG,265,8.8,5.4%,-2.0,-1.2,-0.8,3.3,2.4,0.4,0.1,0.9,60.0%,+2.3%,0.1,5.3%,63.3%,28.0%,0.8,86.7%,0.5,0.2,0.7,0.1,0.1
MIL,Gary Trent Jr.,SG,1108,23.6,6.0%,-2.1,-0.4,-1.7,11.7,8.3,1.5,0.7,1.1,53.8%,-3.9%,0.6,5.6%,44.1%,36.4%,5.4,78.0%,0.9,0.1,1.0,0.6,0.1
MIL,Jericho Sims,C,613,15.7,6.4%,-2.8,-2.9,+0.1,5.8,3.7,0.8,0.1,4.3,82.2%,+24.5%,0.9,23.8%,82.1%,0.0%,0.0,65.2%,0.6,1.4,2.9,0.2,0.2
MIL,Kyle Kuzma,SF,1341,26.8,12.2%,-3.5,-2.1,-1.5,19.3,12.9,2.5,0.7,5.0,56.8%,-0.9%,1.6,9.9%,55.0%,32.2%,3.0,73.3%,3.0,0.9,4.0,0.6,0.4
MIN,Anthony Edwards,SG,1632,35.5,34.5%,+4.7,+5.0,-0.3,38.5,29.3,3.7,1.3,5.2,61.9%,+4.2%,2.7,8.1%,55.6%,40.2%,8.4,79.5%,7.3,0.7,4.5,1.3,0.8
MIN,Rudy Gobert,C,1689,31.3,5.9%,+3.1,-0.9,+4.0,15.3,11.0,1.7,0.4,11.1,66.8%,+9.1%,1.3,11.7%,70.7%,0.0%,0.0,50.2%,4.1,3.7,7.4,0.7,1.6
MIN,Donte DiVincenzo,SG,1745,31.2,12.2%,+1.6,+0.6,+1.0,22.5,12.8,4.2,2.0,4.5,57.5%,-0.2%,1.5,8.4%,50.4%,38.3%,8.0,75.3%,1.4,1.0,3.5,1.4,0.4
MIN,Jaden McDaniels,SF,1734,32.1,10.7%,+1.3,-0.1,+1.4,21.9,15.0,2.9,1.2,4.3,62.2%,+4.5%,1.7,9.7%,54.8%,45.4%,3.4,84.4%,2.5,1.2,3.1,1.0,1.0
MIN,Julius Randle,PF,1882,33.6,19.7%,+1.0,+1.8,-0.8,36.1,22.3,5.4,1.6,7.0,59.8%,+2.2%,2.6,8.8%,56.3%,32.5%,4.8,82.3%,6.3,1.7,5.3,1.1,0.3
MIN,Bones Hyland,PG,696,14.8,28.4%,+0.7,+0.4,+0.3,13.6,7.3,2.6,1.1,1.7,60.0%,+2.4%,0.9,8.3%,59.8%,38.4%,3.5,71.1%,1.0,0.3,1.4,0.6,0.2
MIN,Naz Reid,C,1468,26.2,10.8%,+0.6,-0.1,+0.7,20.4,14.2,2.5,0.8,6.4,59.0%,+1.4%,1.6,9.3%,57.4%,38.5%,6.3,73.8%,1.5,1.2,5.3,1.0,0.9
MIN,Jaylen Clark,SG,711,13.4,4.0%,-0.9,-1.8,+0.9,5.2,3.8,0.6,0.3,1.9,52.1%,-5.6%,0.3,7.4%,52.5%,29.6%,1.3,62.7%,1.1,0.9,1.0,0.7,0.2
MIN,Joan Beringer,PF,181,6.7,3.6%,-1.1,-1.5,+0.3,3.7,3.0,0.3,0.1,2.0,67.2%,+9.5%,0.3,10.2%,66.1%,0.0%,0.0,61.5%,0.5,1.0,1.0,0.1,0.4
MIN,Mike Conley,PG,812,18.5,24.3%,-1.2,-1.8,+0.6,11.3,4.4,2.9,1.2,1.8,49.4%,-8.2%,0.6,7.8%,32.6%,32.1%,3.0,89.1%,1.0,0.3,1.4,0.6,0.3
MIN,Leonard Miller,PF,95,5.0,12.4%,-1.3,-0.9,-0.5,2.9,2.3,0.3,0.1,1.3,57.9%,+0.2%,0.5,16.9%,81.0%,8.3%,0.6,63.6%,0.6,0.4,0.9,0.2,0.0
MIN,Johnny Juzang,SG,88,4.2,14.5%,-1.6,-0.5,-1.2,2.7,2.0,0.3,0.2,0.8,51.2%,-6.5%,0.2,9.2%,71.4%,25.0%,1.1,62.5%,0.4,0.2,0.6,0.1,0.0
MIN,Terrence Shannon Jr.,SG,282,12.8,11.2%,-2.7,-1.6,-1.1,6.1,4.5,0.6,0.3,1.3,53.2%,-4.5%,0.7,12.1%,38.6%,40.5%,1.7,77.8%,1.2,0.3,1.0,0.3,0.0
MIN,Joe Ingles,SF,76,4.0,13.0%,-3.8,-3.7,-0.1,2.3,0.5,0.8,0.5,0.4,55.6%,-2.1%,0.4,23.6%,50.0%,33.3%,0.3,100.0%,0.1,0.0,0.4,0.4,0.0
NOP,Herbert Jones,SG,949,28.8,12.6%,+1.4,-0.1,+1.5,15.0,8.9,2.6,1.5,3.6,49.5%,-8.2%,1.3,10.2%,48.5%,30.6%,4.4,77.5%,1.2,0.9,2.7,1.6,0.5
NOP,Zion Williamson,C,1187,29.7,21.5%,+0.6,+1.4,-0.8,30.6,21.6,3.5,0.9,6.1,63.1%,+5.4%,2.3,9.7%,58.7%,0.0%,0.1,71.1%,7.9,2.3,3.9,1.0,0.6
NOP,Derik Queen,PF,1432,26.0,20.1%,-0.0,-0.7,+0.6,21.7,12.2,4.2,2.5,7.2,55.2%,-2.5%,2.4,13.1%,51.6%,27.8%,1.0,77.7%,3.3,1.6,5.6,1.0,0.9
NOP,Jose Alvarado,PG,896,21.9,29.7%,-0.1,-0.5,+0.4,15.1,7.9,3.1,1.7,2.8,55.8%,-1.9%,1.1,9.6%,54.0%,36.3%,4.7,83.3%,0.6,0.4,2.4,0.9,0.1
NOP,Trey Murphy III,SF,1853,35.6,14.7%,-0.1,+1.2,-1.3,30.9,22.1,3.8,2.0,5.7,61.5%,+3.8%,1.8,7.1%,58.6%,37.8%,8.6,89.2%,3.7,1.1,4.6,1.5,0.3
NOP,Kevon Looney,C,251,13.9,8.8%,-0.4,-1.5,+1.1,6.4,2.9,1.4,0.3,5.3,46.4%,-11.3%,0.4,9.3%,51.2%,11.1%,0.5,62.5%,0.4,2.3,3.0,0.3,0.5
NOP,Saddiq Bey,SF,1494,30.5,10.9%,-0.6,+0.6,-1.2,22.6,16.6,2.5,1.0,5.9,57.0%,-0.7%,0.7,3.8%,51.8%,34.8%,5.4,84.4%,3.9,1.6,4.2,0.9,0.0
NOP,Yves Missi,C,907,19.3,6.6%,-0.9,-1.4,+0.5,8.7,5.6,1.2,0.4,5.6,55.3%,-2.4%,0.8,10.9%,54.1%,0.0%,0.0,56.9%,1.4,2.9,2.7,0.3,1.4
NOP,Karlo Matković,PF,556,12.9,6.2%,-1.0,-1.6,+0.6,6.7,4.9,0.7,0.2,3.2,67.9%,+10.2%,0.5,9.5%,69.9%,43.4%,1.2,58.8%,0.4,0.8,2.4,0.3,0.7
NOP,Jeremiah Fears,PG,1434,25.6,33.2%,-1.1,-1.2,+0.1,20.3,13.2,3.1,1.6,3.7,51.3%,-6.4%,2.2,11.4%,46.8%,32.4%,3.3,81.4%,2.6,0.7,2.9,1.3,0.3
NOP,Bryce McGowens,SG,636,19.9,10.1%,-1.2,-1.0,-0.2,11.6,7.9,1.5,0.7,1.9,61.2%,+3.5%,0.5,5.4%,49.5%,45.3%,2.0,76.6%,2.4,0.3,1.6,0.6,0.2
NOP,Micah Peavy,SG,693,15.1,7.1%,-1.4,-1.5,+0.1,6.7,4.3,1.0,0.5,2.0,44.2%,-13.4%,0.3,4.9%,47.7%,23.9%,1.9,73.3%,0.3,0.8,1.2,0.7,0.1
NOP,Jordan Poole,SG,710,25.4,24.7%,-1.9,-0.5,-1.5,21.5,14.5,3.1,1.7,1.8,52.9%,-4.8%,1.9,9.5%,42.5%,33.6%,7.5,87.6%,3.5,0.2,1.6,0.7,0.3
NOP,Jordan Hawkins,SG,498,13.8,8.2%,-3.8,-2.1,-1.7,6.1,4.3,0.8,0.3,1.7,43.6%,-14.1%,0.6,9.6%,34.2%,31.2%,2.7,77.8%,0.5,0.4,1.3,0.2,0.2
NYK,Jalen Brunson,PG,1728,34.6,45.6%,+2.9,+4.3,-1.4,41.9,27.0,6.1,2.6,3.3,59.1%,+1.4%,2.2,6.2%,52.8%,37.4%,7.8,84.7%,5.7,0.5,2.8,0.7,0.1
NYK,OG Anunoby,SF,1353,33.0,9.3%,+2.6,+1.1,+1.6,22.6,16.6,2.4,0.7,5.5,60.3%,+2.7%,2.1,10.8%,57.2%,37.0%,5.6,80.0%,3.5,1.4,4.0,1.7,0.7
NYK,Mitchell Robinson,C,766,19.6,4.2%,+2.4,+0.0,+2.4,7.5,5.0,1.0,0.2,8.9,64.6%,+6.9%,0.6,11.8%,69.7%,0.0%,0.0,40.8%,1.8,4.5,4.4,0.8,1.2
NYK,Karl-Anthony Towns,C,1597,31.3,12.1%,+2.2,+1.7,+0.5,26.4,19.8,2.9,1.6,11.9,59.5%,+1.8%,2.5,10.6%,52.1%,35.1%,4.5,85.4%,6.1,3.0,8.9,0.9,0.6
NYK,Mikal Bridges,SG,1895,34.5,15.4%,+0.7,+0.6,+0.0,26.4,15.9,4.1,1.2,4.2,60.7%,+3.0%,1.1,5.4%,59.8%,38.6%,5.6,82.9%,1.3,1.1,3.1,1.4,0.8
NYK,Josh Hart,SG,1314,30.6,18.0%,+0.6,+0.2,+0.4,25.2,12.2,5.2,1.7,7.6,61.1%,+3.4%,2.0,10.7%,56.4%,40.7%,3.9,74.1%,2.0,1.5,6.2,1.2,0.3
NYK,Miles McBride,PG,981,28.0,16.4%,+0.4,+0.8,-0.4,19.7,12.9,2.8,0.9,2.6,59.3%,+1.7%,0.8,5.2%,46.2%,42.0%,6.9,81.4%,1.2,0.6,1.9,0.9,0.2
NYK,Landry Shamet,SG,658,21.9,9.8%,+0.3,+0.3,-0.0,13.5,9.6,1.5,0.5,1.9,62.4%,+4.7%,0.4,4.3%,50.9%,42.2%,5.1,72.3%,1.6,0.5,1.4,0.5,0.2
NYK,Tyler Kolek,PG,636,13.3,35.1%,-1.4,-1.1,-0.3,11.9,4.9,2.9,1.1,1.9,51.3%,-6.4%,1.1,11.3%,47.1%,36.4%,2.1,66.7%,0.4,0.3,1.6,0.4,0.1
NYK,Mohamed Diawara,PF,318,7.1,13.2%,-1.7,-1.2,-0.5,4.2,2.7,0.5,0.1,1.2,58.0%,+0.3%,0.3,10.0%,52.5%,41.3%,1.4,50.0%,0.1,0.2,1.0,0.2,0.1
NYK,Ariel Hukporti,C,361,9.3,6.2%,-2.2,-3.2,+1.1,3.4,2.1,0.5,0.1,2.9,61.5%,+3.9%,0.5,20.0%,59.2%,25.0%,0.1,73.1%,0.7,1.0,1.9,0.1,0.5
NYK,Pacôme Dadiet,SF,68,3.4,9.6%,-2.3,-1.6,-0.6,1.6,0.7,0.5,0.3,0.7,40.6%,-17.1%,0.0,0.0%,40.0%,12.5%,0.4,100.0%,0.3,0.1,0.6,0.1,0.0
NYK,Kevin McCullar Jr.,SG,122,7.6,12.6%,-2.4,-2.1,-0.3,5.1,2.1,1.2,0.5,1.5,48.6%,-9.1%,0.7,16.2%,43.8%,35.3%,1.1,40.0%,0.3,0.6,0.9,0.4,0.0
NYK,Jordan Clarkson,SG,963,18.9,12.2%,-2.8,-1.0,-1.8,12.5,9.1,1.3,0.4,1.7,54.0%,-3.7%,1.0,9.2%,51.6%,33.3%,3.6,79.2%,1.4,0.8,0.9,0.4,0.2
NYK,Trey Jemison III,C,57,5.7,5.3%,-3.9,-3.6,-0.3,1.3,0.9,0.2,0.0,1.5,64.3%,+6.6%,0.5,35.3%,57.1%,0.0%,0.0,100.0%,0.1,0.7,0.8,0.1,0.2
OKC,Shai Gilgeous-Alexander,PG,1632,33.3,35.9%,+6.2,+5.7,+0.5,48.2,31.8,6.4,2.0,4.4,67.0%,+9.3%,2.1,5.6%,60.3%,39.0%,4.6,89.2%,9.2,0.6,3.9,1.3,0.8
OKC,Chet Holmgren,C,1430,29.2,10.7%,+3.5,+1.1,+2.3,21.3,17.4,1.6,0.6,8.7,64.7%,+7.0%,1.5,8.7%,65.4%,34.9%,3.6,78.6%,4.1,1.9,6.8,0.5,1.9
OKC,Isaiah Hartenstein,C,772,25.7,10.1%,+2.7,-0.5,+3.2,18.9,10.6,3.6,1.6,9.7,65.4%,+7.8%,2.1,15.2%,65.0%,0.0%,0.2,64.9%,2.6,3.3,6.4,1.0,0.7
OKC,Alex Caruso,SG,679,18.4,12.9%,+2.4,-0.1,+2.5,11.0,6.3,2.0,0.8,2.6,55.2%,-2.5%,0.8,9.0%,60.5%,32.5%,3.2,78.1%,0.9,0.5,2.1,1.4,0.4
OKC,Jalen Williams,SG,755,29.0,25.4%,+1.7,+1.4,+0.3,30.7,17.5,5.4,1.7,4.7,55.3%,-2.4%,1.9,7.6%,51.5%,31.2%,2.5,83.3%,3.9,0.7,4.0,1.3,0.3
OKC,Kenrich Williams,SG,581,16.1,11.1%,+1.7,+0.1,+1.6,10.8,7.0,1.6,0.6,3.5,61.5%,+3.8%,0.8,9.7%,60.8%,39.8%,2.4,62.9%,1.0,1.0,2.5,0.6,0.1
OKC,Aaron Wiggins,SG,974,23.8,13.1%,+1.4,+0.2,+1.2,14.9,10.6,1.8,0.9,3.5,56.1%,-1.6%,1.3,10.2%,50.9%,38.7%,4.7,73.5%,1.2,0.6,2.9,1.0,0.6
OKC,Cason Wallace,SG,1419,26.8,12.0%,+0.9,-0.1,+1.0,13.6,8.1,2.2,0.8,3.1,53.1%,-4.6%,0.9,8.4%,51.1%,34.8%,3.8,73.8%,0.8,0.8,2.2,2.1,0.3
OKC,Isaiah Joe,SG,993,21.1,8.8%,+0.7,+1.0,-0.3,14.0,10.5,1.4,0.5,2.5,64.5%,+6.8%,0.6,5.7%,54.2%,41.5%,5.9,88.2%,1.8,0.5,2.0,0.6,0.2
OKC,Ajay Mitchell,PG,1129,26.3,26.8%,+0.6,+0.6,-0.1,23.0,14.1,3.7,1.5,3.5,58.9%,+1.3%,1.6,8.5%,54.5%,35.0%,3.2,87.0%,3.0,0.7,2.8,1.4,0.3
OKC,Luguentz Dort,SG,1246,27.7,7.8%,+0.5,-0.8,+1.3,11.6,8.7,1.2,0.4,3.8,53.7%,-4.0%,0.8,7.9%,51.5%,35.0%,5.5,77.8%,0.8,0.9,2.9,0.9,0.5
OKC,Jaylin Williams,PF,792,19.3,9.9%,-0.1,-1.1,+1.0,12.5,6.3,2.5,1.0,4.9,53.1%,-4.6%,1.0,10.5%,52.5%,32.1%,3.8,76.3%,1.4,0.6,4.3,0.6,0.7
OKC,Chris Youngblood,SG,174,5.4,4.8%,-1.7,-0.9,-0.8,2.9,2.0,0.3,0.1,0.9,50.8%,-6.9%,0.1,2.5%,44.4%,31.4%,1.6,90.0%,0.3,0.2,0.7,0.1,0.1
OKC,Branden Carlson,C,373,11.0,5.8%,-1.8,-1.7,-0.1,6.2,4.9,0.6,0.2,2.6,60.1%,+2.5%,0.4,6.9%,66.2%,35.6%,1.7,52.9%,0.5,0.6,2.0,0.2,0.5
OKC,Brooks Barnhizer,SG,221,7.6,10.6%,-2.3,-1.9,-0.4,3.1,1.6,0.6,0.1,1.8,46.9%,-10.8%,0.2,10.1%,43.3%,31.2%,0.6,66.7%,0.2,0.3,1.4,0.2,0.1
ORL,Jalen Suggs,SG,880,26.7,28.1%,+2.0,+0.2,+1.8,26.6,14.1,5.5,3.0,4.0,56.6%,-1.1%,2.5,11.3%,57.8%,32.5%,6.0,84.7%,2.6,0.7,3.3,2.0,0.8
ORL,Franz Wagner,SF,891,31.8,18.9%,+1.5,+1.7,-0.2,30.1,21.3,3.6,1.5,5.8,58.4%,+0.7%,1.7,6.7%,52.1%,36.5%,4.1,82.8%,6.2,1.5,4.3,1.1,0.3
ORL,Jonathan Isaac,PF,439,10.0,4.9%,+1.3,-1.3,+2.6,3.8,2.8,0.4,0.1,2.5,51.3%,-6.4%,0.4,10.8%,58.6%,19.4%,0.8,64.0%,1.1,0.8,1.8,0.4,0.6
ORL,Goga Bitadze,C,672,16.0,7.0%,+0.9,-0.7,+1.6,8.5,5.9,1.2,0.5,5.0,70.7%,+13.0%,0.5,8.9%,72.1%,20.0%,0.2,73.1%,1.2,2.1,3.0,0.7,1.2
ORL,Anthony Black,SG,1649,31.1,22.2%,+0.6,-0.3,+0.9,25.6,16.1,4.0,1.8,4.0,56.7%,-1.0%,2.2,10.0%,53.2%,34.5%,4.9,75.5%,3.8,0.8,3.3,1.4,0.7
ORL,Desmond Bane,SG,1801,34.0,20.5%,+0.5,+0.7,-0.3,29.7,19.6,4.2,1.5,4.2,58.6%,+0.9%,2.2,8.8%,52.6%,37.0%,5.2,93.0%,3.8,1.2,2.9,0.9,0.5
ORL,Wendell Carter Jr.,C,1506,29.5,6.7%,+0.3,-0.8,+1.2,16.6,11.6,2.1,0.5,7.4,59.9%,+2.2%,1.2,9.0%,60.0%,33.1%,3.4,79.3%,2.8,2.1,5.2,0.8,0.7
ORL,Paolo Banchero,PF,1482,34.5,26.3%,-0.1,+0.7,-0.7,33.0,21.3,4.8,1.9,8.4,55.7%,-2.0%,2.7,9.5%,50.2%,30.2%,3.8,76.2%,7.9,1.1,7.3,0.7,0.6
ORL,Jevon Carter,PG,258,10.8,13.5%,-0.5,-0.4,-0.1,7.2,5.2,0.8,0.3,1.1,55.9%,-1.8%,0.5,7.5%,34.6%,40.0%,3.3,100.0%,0.4,0.2,0.9,0.5,0.1
ORL,Moritz Wagner,PF,156,12.0,20.0%,-0.6,-0.5,-0.1,10.5,9.2,0.5,0.2,3.2,65.9%,+8.3%,0.6,7.0%,55.3%,45.5%,2.5,88.5%,2.0,0.7,2.5,0.5,0.1
ORL,Noah Penda,SG,519,13.7,10.5%,-1.3,-1.4,+0.1,7.6,4.8,1.2,0.4,3.7,53.8%,-3.9%,0.8,12.5%,47.2%,38.5%,1.7,64.1%,1.0,1.5,2.2,0.6,0.4
ORL,Jamal Cain,SG,132,6.9,7.4%,-1.4,-1.1,-0.3,3.4,2.7,0.3,0.2,0.7,54.3%,-3.4%,0.4,11.6%,47.4%,31.6%,1.0,83.3%,0.9,0.4,0.4,0.2,0.1
ORL,Tristan da Silva,SF,1072,22.3,9.2%,-1.7,-1.3,-0.4,11.3,8.6,1.2,0.6,3.3,53.9%,-3.7%,0.8,8.2%,49.4%,36.5%,3.9,84.2%,0.8,0.7,2.6,0.9,0.3
ORL,Jett Howard,SG,342,10.4,9.7%,-2.0,-0.9,-1.1,6.6,4.7,0.8,0.4,1.3,53.4%,-4.3%,0.2,3.7%,48.0%,33.7%,2.6,91.3%,0.7,0.3,0.9,0.2,0.1
ORL,Jase Richardson,PG,471,12.1,18.4%,-2.0,-0.9,-1.0,7.8,5.1,1.2,0.4,1.3,58.2%,+0.6%,0.6,8.8%,54.5%,37.3%,1.7,73.0%,0.9,0.5,0.8,0.3,0.1
PHI,Joel Embiid,C,972,31.4,17.2%,+3.2,+2.4,+0.8,36.3,26.6,3.9,1.6,7.5,60.2%,+2.5%,3.0,9.3%,54.2%,32.0%,3.9,85.8%,8.6,2.1,5.4,0.6,1.1
PHI,Tyrese Maxey,PG,2008,38.6,38.1%,+2.1,+2.8,-0.7,45.1,28.9,6.8,2.5,4.1,59.5%,+1.8%,2.4,6.4%,53.2%,37.9%,8.8,88.9%,6.1,0.3,3.8,2.0,0.8
PHI,Paul George,SF,824,30.5,20.4%,+1.8,+0.3,+1.5,24.8,16.0,3.7,1.6,5.2,55.7%,-2.0%,1.6,7.7%,46.4%,38.2%,6.4,85.5%,2.8,0.5,4.7,1.5,0.5
PHI,Adem Bona,C,735,16.3,3.9%,-0.2,-1.4,+1.2,4.8,4.2,0.2,0.0,3.9,61.0%,+3.4%,0.8,17.5%,58.8%,40.0%,0.1,67.6%,1.6,1.8,2.1,0.4,1.3
PHI,Dominick Barlow,PF,1032,24.0,6.2%,-0.4,-1.0,+0.6,11.6,8.5,1.2,0.3,5.0,63.1%,+5.4%,0.8,9.0%,64.0%,29.0%,1.4,77.0%,1.7,2.2,2.8,1.0,0.6
PHI,Kelly Oubre Jr.,SG,1045,32.7,12.4%,-0.5,-0.2,-0.3,17.5,13.9,1.6,0.8,4.7,58.6%,+0.9%,1.3,8.6%,55.7%,36.7%,4.9,74.4%,2.8,0.9,3.8,1.3,0.6
PHI,Quentin Grimes,SG,1434,29.9,15.8%,-0.7,-0.3,-0.4,21.6,12.7,3.6,1.3,3.8,59.3%,+1.6%,1.9,10.9%,56.7%,34.1%,5.3,85.9%,3.1,0.6,3.1,0.9,0.4
PHI,Andre Drummond,C,790,19.8,5.1%,-1.1,-2.3,+1.1,8.8,6.9,0.8,0.4,8.6,56.1%,-1.6%,1.0,12.4%,54.2%,37.3%,1.3,62.9%,1.6,3.4,5.2,0.6,0.9
PHI,Jabari Walker,PF,543,12.1,6.2%,-1.2,-1.4,+0.3,4.8,3.7,0.5,0.3,3.1,50.0%,-7.7%,0.4,8.5%,50.6%,27.0%,1.4,72.7%,1.0,1.1,1.9,0.4,0.2
PHI,VJ Edgecombe,SG,1768,35.4,22.8%,-1.4,-1.1,-0.3,24.8,14.9,4.1,1.7,5.4,52.8%,-4.9%,1.8,8.6%,47.7%,35.2%,5.7,78.6%,2.3,1.6,3.8,1.5,0.5
PHI,Jared McCain,PG,620,16.8,19.3%,-1.5,-0.8,-0.7,10.6,6.6,1.7,0.7,2.0,50.4%,-7.2%,0.8,8.6%,39.3%,37.8%,3.2,88.0%,0.7,0.2,1.9,0.6,0.1
PHI,Eric Gordon,SG,74,12.3,8.6%,-1.8,-1.6,-0.2,6.5,5.5,0.5,0.5,0.3,75.0%,+17.3%,0.5,10.3%,57.1%,57.1%,2.3,50.0%,0.3,0.2,0.2,0.7,0.2
PHI,Trendon Watford,PF,530,16.6,22.8%,-1.9,-1.8,-0.1,12.6,6.2,2.7,1.2,3.4,57.5%,-0.2%,1.1,11.7%,54.8%,34.5%,0.9,72.1%,1.3,0.8,2.6,0.3,0.3
PHI,Justin Edwards,SG,592,14.4,7.8%,-2.2,-1.4,-0.8,7.5,4.7,1.1,0.3,1.5,53.3%,-4.4%,0.6,9.5%,50.8%,33.6%,2.7,91.3%,0.6,0.4,1.1,0.7,0.2
PHI,Johni Broome,PF,55,5.0,10.0%,-2.9,-2.7,-0.2,1.6,0.9,0.4,0.3,1.5,18.5%,-39.2%,0.3,9.1%,21.1%,0.0%,0.5,33.3%,0.5,0.6,0.8,0.3,0.2
PHI,Kyle Lowry,PG,63,9.0,12.4%,-3.0,-3.7,+0.7,4.7,1.7,1.1,0.3,0.6,50.0%,-7.7%,0.3,9.5%,-,30.0%,1.4,75.0%,0.6,0.0,0.6,0.3,0.1
PHX,Devin Booker,SG,1458,33.9,29.0%,+2.3,+3.1,-0.8,41.3,25.2,6.3,1.4,4.0,57.9%,+0.3%,3.3,9.6%,51.8%,31.1%,5.5,86.3%,8.0,0.8,3.2,0.9,0.3
PHX,Collin Gillespie,PG,1527,28.3,27.2%,+1.6,+1.1,+0.5,24.7,13.3,4.7,1.6,4.2,59.4%,+1.7%,1.6,8.5%,45.5%,42.3%,7.1,84.6%,1.2,1.0,3.2,1.4,0.2
PHX,Oso Ighodaro,C,1102,20.0,11.3%,+0.7,-1.5,+2.2,10.0,5.5,1.8,0.5,4.5,62.8%,+5.1%,1.2,16.7%,63.4%,0.0%,0.0,49.3%,1.3,1.5,3.0,0.9,0.6
PHX,Grayson Allen,SG,1059,30.3,18.8%,+0.6,+1.2,-0.7,26.8,17.0,4.0,1.3,3.0,57.5%,-0.2%,1.7,7.6%,51.9%,36.9%,9.1,84.2%,2.9,0.7,2.3,1.4,0.3
PHX,Jalen Green,SG,107,15.3,28.7%,+0.2,+0.9,-0.8,16.9,11.1,2.3,0.7,2.1,54.2%,-3.5%,1.4,9.3%,48.3%,35.1%,5.3,84.6%,1.9,0.3,1.9,0.4,0.0
PHX,Jordan Goodwin,SG,1154,22.2,17.0%,+0.0,-0.6,+0.6,14.2,8.8,2.3,1.0,4.7,51.1%,-6.5%,1.0,8.1%,46.7%,35.1%,4.4,70.7%,0.8,1.9,2.8,1.5,0.2
PHX,Dillon Brooks,SG,1523,31.1,15.0%,-0.1,+0.9,-1.0,25.6,21.2,1.8,0.8,3.7,54.7%,-2.9%,1.8,7.5%,50.4%,34.3%,6.9,85.6%,3.8,0.8,2.9,1.1,0.2
PHX,Mark Williams,C,1202,24.0,7.1%,-0.1,+0.0,-0.2,14.8,12.1,1.1,0.2,8.1,70.5%,+12.8%,1.1,9.5%,66.4%,100.0%,0.0,77.0%,3.0,3.1,5.0,1.0,0.9
PHX,Ryan Dunn,PF,934,19.5,9.6%,-0.3,-0.9,+0.7,9.9,6.0,1.6,0.5,4.1,52.2%,-5.5%,0.9,11.2%,53.9%,32.5%,2.5,58.8%,0.7,1.4,2.6,0.9,0.4
PHX,Jamaree Bouyea,PG,438,15.6,22.9%,-0.3,-0.6,+0.2,11.5,6.9,1.8,0.5,1.9,57.8%,+0.2%,0.6,7.2%,58.1%,34.6%,1.9,72.7%,0.8,0.5,1.5,0.7,0.4
PHX,Royce O'Neale,PF,1614,29.3,13.2%,-0.7,-0.8,+0.1,17.4,10.3,2.9,0.9,4.8,59.3%,+1.6%,1.5,11.2%,50.6%,40.6%,6.9,67.9%,0.5,0.7,4.1,1.2,0.3
PHX,Isaiah Livers,SG,294,10.1,6.7%,-0.9,-1.6,+0.7,4.0,2.2,0.7,0.0,1.9,55.5%,-2.1%,0.4,13.9%,58.8%,34.3%,1.2,70.0%,0.3,0.6,1.3,0.4,0.3
PHX,Nick Richards,C,254,9.1,7.4%,-1.6,-1.9,+0.4,3.9,3.2,0.3,0.1,3.3,52.5%,-5.2%,0.9,21.0%,49.3%,0.0%,0.0,67.9%,1.0,1.3,2.0,0.1,0.5
PHX,Khaman Maluach,C,107,4.7,8.6%,-1.7,-2.6,+0.9,1.7,1.3,0.1,0.0,1.1,53.4%,-4.2%,0.4,23.8%,61.1%,0.0%,0.3,90.0%,0.4,0.3,0.8,0.0,0.4
PHX,Nigel Hayes-Davis,PF,195,7.2,8.4%,-2.0,-2.7,+0.7,2.0,1.3,0.3,0.0,1.2,35.4%,-22.3%,0.3,13.1%,43.3%,12.5%,0.6,50.0%,0.1,0.4,0.8,0.3,0.1
PHX,Rasheer Fleming,PF,209,7.0,4.6%,-2.5,-1.9,-0.6,3.2,2.6,0.2,0.1,1.3,43.8%,-13.9%,0.3,8.6%,50.0%,23.4%,1.6,72.7%,0.4,0.7,0.6,0.2,0.2
POR,Deni Avdija,PF,1577,34.3,35.3%,+1.9,+2.3,-0.4,41.9,25.2,6.6,2.4,7.2,60.4%,+2.7%,3.9,10.9%,53.5%,34.6%,6.4,80.2%,9.4,1.2,6.0,0.8,0.6
POR,Robert Williams III,C,620,16.3,4.8%,+1.9,-0.0,+1.9,9.2,6.4,1.1,0.4,6.5,77.5%,+19.9%,0.8,12.3%,79.1%,43.8%,0.4,71.4%,0.7,2.0,4.4,0.6,1.4
POR,Donovan Clingan,C,1433,27.6,7.3%,+1.2,+0.1,+1.1,16.5,11.6,2.1,1.0,11.5,60.5%,+2.8%,1.1,8.0%,64.1%,32.1%,3.1,67.4%,2.5,4.7,6.8,0.5,1.4
POR,Shaedon Sharpe,SG,1439,30.0,23.3%,+0.4,+1.4,-1.0,28.1,21.4,2.6,0.8,4.4,55.2%,-2.5%,3.0,11.1%,51.8%,34.0%,6.2,78.4%,4.0,1.0,3.4,1.4,0.1
POR,Toumani Camara,SF,1873,33.4,12.2%,+0.2,-0.2,+0.4,19.6,13.1,2.6,0.9,5.4,57.9%,+0.2%,2.0,12.1%,58.4%,37.0%,7.1,70.2%,1.7,1.7,3.6,1.0,0.4
POR,Jrue Holiday,SG,763,28.3,27.0%,+0.1,+0.7,-0.6,31.2,15.7,6.5,3.2,4.7,56.7%,-1.0%,2.6,10.3%,53.1%,37.4%,6.3,79.3%,2.1,1.6,3.1,1.2,0.1
POR,Kris Murray,SF,874,25.7,6.0%,-0.0,-1.5,+1.4,9.0,6.1,1.2,0.6,4.0,53.1%,-4.6%,0.9,11.9%,59.8%,25.6%,2.3,73.8%,1.2,1.8,2.2,1.2,0.4
POR,Vít Krejčí,SG,1159,22.3,9.4%,-0.3,-0.2,-0.1,12.9,9.1,1.5,0.5,2.1,63.3%,+5.6%,0.6,6.4%,63.1%,41.0%,5.3,75.6%,0.8,0.4,1.6,0.8,0.3
POR,Sidy Cissoko,SG,1114,22.3,10.2%,-0.5,-1.3,+0.8,10.3,6.5,1.5,0.6,2.6,54.0%,-3.6%,1.1,12.5%,53.9%,32.7%,3.3,70.3%,1.5,1.0,1.6,0.8,0.3
POR,Scoot Henderson,PG,80,20.0,-%,-0.7,+0.0,-0.7,28.0,14.0,5.5,2.3,3.0,70.0%,+12.3%,4.5,19.5%,80.0%,36.8%,4.8,82.6%,5.8,0.3,2.8,0.8,0.0
POR,Jerami Grant,SF,1164,29.1,16.8%,-0.8,+0.1,-0.8,24.8,18.8,2.4,0.9,3.5,59.7%,+2.0%,2.1,9.7%,49.5%,37.4%,6.2,82.7%,5.9,0.9,2.6,0.7,0.7
POR,Duop Reath,C,258,8.1,5.7%,-1.5,-1.2,-0.3,3.7,2.9,0.3,0.1,1.2,61.8%,+4.2%,0.2,7.4%,52.6%,41.8%,1.7,83.3%,0.2,0.3,0.9,0.2,0.3
POR,Blake Wesley,PG,201,15.5,27.6%,-1.9,-1.8,-0.2,13.2,5.6,3.0,0.9,1.9,50.0%,-7.7%,1.2,11.8%,48.9%,31.8%,1.7,50.0%,1.2,0.5,1.5,1.0,0.1
POR,Rayan Rupert,SG,577,12.0,7.5%,-2.2,-2.3,+0.1,4.7,2.9,0.7,0.2,1.8,44.5%,-13.2%,0.6,13.2%,40.8%,31.0%,1.5,64.3%,0.3,0.5,1.3,0.6,0.0
POR,Javonte Cooke,SG,83,5.2,17.7%,-2.6,-2.3,-0.4,2.3,1.4,0.4,0.3,0.9,31.9%,-25.7%,0.6,17.2%,37.5%,15.8%,1.2,100.0%,0.1,0.2,0.8,0.4,0.0
POR,Yang Hansen,C,255,7.5,8.6%,-2.8,-2.5,-0.3,3.7,2.2,0.6,0.2,1.6,39.8%,-17.9%,0.9,20.2%,42.6%,13.5%,1.1,95.0%,0.6,0.5,1.1,0.1,0.2
POR,Caleb Love,PG,999,22.2,20.3%,-3.1,-1.1,-2.0,17.9,11.3,2.7,1.1,2.5,49.7%,-7.9%,1.4,8.5%,49.2%,32.1%,6.4,73.5%,1.1,0.6,2.0,0.6,0.1
SAC,Keegan Murray,PF,683,35.9,10.1%,-0.0,-0.3,+0.3,18.3,14.6,1.5,0.3,6.1,50.2%,-7.5%,1.2,6.6%,51.5%,27.2%,4.8,78.9%,2.0,1.6,4.5,1.2,1.6
SAC,Dylan Cardwell,PF,616,21.2,5.9%,-0.4,-1.9,+1.5,8.4,5.4,1.2,0.3,7.7,59.1%,+1.4%,0.8,12.8%,60.4%,0.0%,0.0,55.0%,1.4,3.1,4.6,0.8,1.6
SAC,Domantas Sabonis,C,564,29.7,13.3%,-0.6,-0.2,-0.4,25.0,15.8,4.1,1.6,11.4,59.0%,+1.3%,2.7,12.7%,59.3%,18.5%,1.4,72.7%,4.1,3.4,8.0,0.9,0.2
SAC,Malik Monk,PG,953,22.2,19.7%,-0.7,+0.4,-1.1,18.3,12.4,2.6,0.8,2.0,56.7%,-1.0%,1.4,8.9%,44.5%,42.6%,4.9,87.7%,1.7,0.3,1.7,0.7,0.4
SAC,Devin Carter,PG,268,13.4,19.0%,-0.8,-1.0,+0.2,10.2,6.1,1.9,0.6,2.2,48.8%,-8.9%,1.0,10.6%,54.0%,19.1%,2.4,81.8%,1.6,0.6,1.6,0.6,0.3
SAC,Precious Achiuwa,"C,PF",973,20.3,8.2%,-0.8,-1.5,+0.7,9.7,7.1,1.1,0.4,5.4,53.6%,-4.1%,0.7,7.7%,54.7%,29.6%,1.1,52.7%,1.5,1.9,3.6,0.8,0.5
SAC,Maxime Raynaud,C,1127,23.5,7.5%,-1.2,-1.5,+0.3,12.1,9.8,1.0,0.2,6.6,59.1%,+1.5%,1.0,9.3%,58.9%,26.8%,0.9,75.3%,1.7,1.7,4.9,0.5,0.5
SAC,Drew Eubanks,C,430,13.4,6.1%,-1.5,-2.0,+0.5,5.8,5.1,0.3,0.1,2.6,61.3%,+3.6%,0.8,14.6%,62.4%,20.0%,0.2,55.8%,1.3,0.8,1.8,0.4,0.6
SAC,DeMar DeRozan,SF,1813,32.4,16.7%,-2.0,+0.1,-2.0,28.3,18.7,3.8,0.9,3.2,59.1%,+1.4%,1.1,5.1%,52.5%,33.6%,2.2,86.4%,5.5,0.5,2.7,1.2,0.3
SAC,Nique Clifford,SG,1107,21.3,11.4%,-2.0,-1.8,-0.2,10.5,6.6,1.7,0.6,3.1,48.3%,-9.4%,1.2,12.2%,44.9%,31.7%,2.7,71.2%,1.1,0.8,2.3,0.7,0.3
SAC,Zach LaVine,SG,1224,31.4,16.2%,-2.0,+0.3,-2.3,24.6,19.2,2.3,0.5,2.8,61.2%,+3.5%,1.9,8.9%,55.6%,39.0%,6.5,88.0%,3.6,0.2,2.6,0.7,0.3
SAC,Doug McDermott,SF,111,10.1,3.4%,-2.1,-1.2,-0.9,4.6,4.0,0.3,0.2,0.7,57.9%,+0.2%,0.5,12.6%,100.0%,37.8%,3.4,-,0.0,0.1,0.6,0.2,0.1
SAC,Dennis Schröder,PG,1056,26.4,38.1%,-2.1,-1.0,-1.2,25.0,12.8,5.3,1.8,3.0,52.9%,-4.8%,2.0,9.4%,44.9%,34.3%,4.2,82.0%,3.3,0.6,2.5,0.8,0.1
SAC,Daeqwon Plowden,SG,160,22.9,2.9%,-2.6,-1.3,-1.3,10.3,6.0,1.6,0.1,3.3,42.0%,-15.7%,0.6,6.3%,62.5%,18.8%,4.6,100.0%,0.6,2.0,1.3,0.3,0.1
SAC,Russell Westbrook,SG,1521,29.3,35.4%,-2.9,-1.1,-1.9,30.1,15.3,6.6,2.3,5.7,53.1%,-4.5%,3.4,12.7%,50.1%,34.5%,6.0,69.7%,2.8,1.4,4.3,1.3,0.2
SAS,Victor Wembanyama,PF,1161,29.0,16.0%,+5.4,+2.6,+2.8,31.1,24.4,2.8,1.1,11.1,61.8%,+4.2%,2.6,9.6%,57.6%,36.3%,5.0,81.0%,7.3,1.9,9.1,0.9,2.6
SAS,De'Aaron Fox,PG,1442,32.0,33.0%,+1.6,+1.7,-0.1,35.0,19.4,6.3,2.1,3.8,58.3%,+0.6%,2.4,8.6%,56.3%,35.3%,5.7,79.5%,3.7,0.6,3.3,1.3,0.3
SAS,Luke Kornet,C,1006,22.9,6.1%,+1.0,-1.0,+2.0,12.1,7.3,2.0,0.5,6.7,67.9%,+10.2%,0.4,5.7%,65.2%,0.0%,0.0,79.3%,1.9,3.0,3.6,0.5,1.2
SAS,Julian Champagnie,SG,1508,27.9,6.6%,+0.8,+0.5,+0.4,14.6,11.1,1.4,0.5,5.9,60.6%,+3.0%,1.0,8.1%,60.0%,36.9%,6.5,84.6%,1.9,0.9,5.0,0.8,0.4
SAS,Harrison Barnes,SF,1501,27.8,9.4%,+0.4,+0.6,-0.3,15.4,10.6,2.1,0.8,3.0,59.1%,+1.5%,0.9,7.5%,55.7%,37.5%,5.0,84.2%,1.8,0.9,2.1,0.7,0.2
SAS,Devin Vassell,SG,1264,30.8,12.1%,+0.3,+0.6,-0.3,19.6,14.1,2.3,1.1,3.8,55.1%,-2.6%,0.9,5.4%,50.7%,35.4%,6.6,85.0%,2.0,0.5,3.4,0.9,0.4
SAS,Jordan McLaughlin,PG,155,6.2,29.1%,-0.1,-0.5,+0.5,3.9,2.2,0.8,0.4,0.7,55.1%,-2.6%,0.4,11.1%,43.5%,41.7%,1.0,80.0%,0.2,0.2,0.5,0.5,0.0
SAS,Keldon Johnson,SF,1289,23.9,11.8%,-0.2,+0.4,-0.6,16.9,13.5,1.4,0.5,5.9,64.4%,+6.7%,1.0,7.2%,63.5%,38.0%,3.2,79.1%,2.6,1.8,4.1,0.7,0.1
SAS,Dylan Harper,SG,933,21.7,29.6%,-0.8,-0.0,-0.7,19.9,10.9,3.7,1.1,3.4,53.1%,-4.6%,1.3,8.3%,54.4%,25.2%,2.5,75.0%,2.0,0.7,2.7,0.8,0.3
SAS,Kelly Olynyk,C,284,9.8,13.5%,-1.0,-1.9,+0.9,6.5,3.6,1.2,0.5,1.9,55.3%,-2.4%,0.6,11.9%,70.7%,23.7%,1.3,66.7%,1.0,0.7,1.3,0.4,0.0
SAS,Stephon Castle,PG,1327,30.2,34.0%,-1.0,-0.4,-0.7,33.8,16.5,7.0,2.8,5.0,55.8%,-1.8%,3.4,12.3%,53.7%,28.8%,3.6,72.2%,5.8,1.2,3.8,1.3,0.3
SAS,David Jones Garcia,SG,68,6.2,27.1%,-1.3,-1.1,-0.2,6.7,2.9,1.6,0.9,1.2,59.3%,+1.6%,0.5,8.5%,50.0%,60.0%,0.5,50.0%,0.5,0.4,0.8,0.5,0.1
SAS,Lindy Waters III,SG,191,6.8,8.2%,-2.1,-1.5,-0.6,2.8,1.9,0.4,0.2,0.8,49.3%,-8.4%,0.1,5.8%,57.1%,31.9%,1.7,100.0%,0.0,0.1,0.7,0.1,0.0
SAS,Jeremy Sochan,PF,358,12.8,10.8%,-2.3,-1.8,-0.5,6.6,4.1,1.0,0.3,2.6,54.2%,-3.5%,0.6,11.7%,60.0%,25.7%,1.3,68.8%,0.6,0.9,1.7,0.4,0.2
SAS,Carter Bryant,SF,398,9.3,7.9%,-2.6,-1.9,-0.7,4.2,3.4,0.3,0.1,2.0,47.7%,-10.0%,0.3,7.2%,43.1%,32.1%,1.8,68.2%,0.5,0.4,1.5,0.2,0.2
SAS,Bismack Biyombo,C,78,5.6,7.7%,-3.6,-4.2,+0.6,1.3,0.6,0.2,0.0,0.9,56.2%,-1.4%,0.4,33.0%,57.1%,0.0%,0.0,50.0%,0.1,0.3,0.6,0.2,0.1
TOR,Scottie Barnes,SF,1856,34.4,17.8%,+2.2,+0.7,+1.5,32.2,19.3,5.6,3.0,8.4,57.7%,+0.0%,2.6,9.8%,55.5%,30.1%,3.0,82.0%,4.1,2.2,6.2,1.3,1.6
TOR,Jakob Poeltl,C,551,25.0,7.8%,+2.0,-0.7,+2.7,14.3,9.7,2.0,0.7,7.6,67.8%,+10.2%,1.5,14.4%,68.7%,0.0%,0.0,59.2%,2.2,2.7,5.0,0.7,0.5
TOR,Sandro Mamukelashvili,PF,1199,22.6,9.5%,+1.6,+0.7,+0.8,16.2,11.4,1.9,0.8,5.1,64.1%,+6.4%,0.9,7.1%,64.5%,38.3%,3.7,76.4%,2.0,1.5,3.5,0.8,0.6
TOR,Immanuel Quickley,PG,1685,32.4,34.5%,+1.1,+0.8,+0.3,31.3,17.0,6.1,2.3,4.4,58.0%,+0.4%,1.6,6.5%,51.8%,38.0%,7.0,80.5%,3.1,0.6,3.8,1.2,0.1
TOR,Brandon Ingram,SG,1800,34.0,18.3%,+1.0,+0.9,+0.1,30.9,21.8,3.7,1.3,5.7,57.1%,-0.5%,2.5,9.1%,51.8%,36.5%,5.0,83.7%,4.5,0.8,4.9,0.8,0.8
TOR,Jamal Shead,PG,1225,22.3,34.7%,-0.1,-0.5,+0.4,19.3,6.8,5.4,2.5,1.9,48.6%,-9.1%,1.4,9.8%,41.2%,32.1%,3.5,75.9%,1.4,0.3,1.6,1.0,0.2
TOR,RJ Barrett,SG,914,29.5,15.5%,-0.1,+0.6,-0.7,27.1,18.5,3.6,1.3,5.2,58.0%,+0.3%,1.7,7.5%,56.2%,34.2%,5.1,70.5%,4.8,0.9,4.3,0.8,0.3
TOR,Collin Murray-Boyles,PF,953,22.2,7.3%,-0.4,-1.1,+0.7,13.0,7.9,2.1,0.7,5.0,59.7%,+2.0%,1.2,11.5%,59.7%,34.8%,1.1,63.9%,1.4,2.4,2.6,0.9,0.9
TOR,Ja'Kobe Walter,SG,827,18.4,7.8%,-1.3,-1.3,+0.1,8.6,6.2,1.0,0.3,2.2,56.9%,-0.8%,0.6,7.8%,56.6%,35.0%,3.2,80.0%,1.0,0.7,1.5,0.9,0.2
TOR,Alijah Martin,PG,97,7.5,8.2%,-1.6,-1.4,-0.2,4.1,2.6,0.6,0.1,1.1,44.7%,-12.9%,0.2,6.1%,45.0%,16.7%,0.9,83.3%,0.9,0.5,0.6,0.5,0.2
TOR,Gradey Dick,SG,885,16.1,5.8%,-1.6,-1.3,-0.3,8.2,6.5,0.7,0.3,2.2,54.8%,-2.8%,0.6,7.9%,54.2%,31.4%,2.8,87.3%,1.3,0.6,1.5,0.7,0.1
TOR,Jonathan Mogbo,PF,139,6.0,9.4%,-1.8,-2.6,+0.9,2.3,1.3,0.4,0.2,1.6,50.0%,-7.7%,0.3,13.3%,50.0%,0.0%,0.0,40.0%,0.2,0.5,1.1,0.2,0.2
TOR,Ochai Agbaji,SG,650,15.5,5.4%,-1.9,-2.0,+0.1,6.2,4.3,0.7,0.2,2.3,49.2%,-8.5%,0.5,8.3%,57.1%,18.5%,1.5,86.2%,0.7,0.8,1.5,0.4,0.3
TOR,A.J. Lawson,SG,109,8.4,6.4%,-2.1,-1.3,-0.8,4.3,3.8,0.2,0.1,1.8,54.4%,-3.2%,0.3,7.5%,42.1%,36.4%,1.7,100.0%,0.7,0.5,1.2,0.3,0.2
TOR,Jamison Battle,SF,330,8.5,5.0%,-2.1,-1.4,-0.7,3.9,3.1,0.4,0.2,1.4,63.8%,+6.2%,0.4,11.1%,63.2%,41.5%,1.4,66.7%,0.2,0.3,1.1,0.1,0.1
UTA,Lauri Markkanen,PF,1410,34.4,9.9%,+1.7,+2.0,-0.3,32.0,26.7,2.1,0.5,7.0,61.1%,+3.4%,1.5,5.4%,55.6%,36.3%,7.7,89.2%,6.3,2.0,5.0,1.0,0.5
UTA,Walker Kessler,C,154,30.8,10.9%,+0.6,-0.5,+1.1,21.6,14.4,3.0,0.6,10.8,78.3%,+20.6%,3.2,18.5%,69.0%,75.0%,1.6,70.0%,4.0,4.6,6.2,1.4,1.8
UTA,John Konchar,SG,512,15.1,8.1%,+0.2,-1.6,+1.7,6.6,3.1,1.4,0.4,3.1,57.1%,-0.6%,0.4,9.9%,71.8%,27.7%,1.4,62.5%,0.5,0.8,2.4,1.1,0.5
UTA,Jusuf Nurkić,C,1083,26.4,12.8%,-0.5,-2.0,+1.5,22.0,10.9,4.8,1.5,10.4,54.6%,-3.0%,2.5,13.5%,54.0%,35.2%,1.7,54.9%,2.8,2.6,7.8,1.3,0.5
UTA,Kyle Filipowski,C,1216,22.1,11.2%,-0.7,-0.5,-0.2,14.5,9.7,2.0,0.8,6.7,57.4%,-0.3%,1.4,11.3%,56.6%,33.3%,2.5,71.2%,2.4,1.8,4.9,0.8,0.4
UTA,Kyle Anderson,PF,401,20.1,15.9%,-1.0,-2.1,+1.1,14.0,7.1,3.0,1.6,3.3,56.3%,-1.3%,0.8,8.3%,51.9%,60.0%,0.3,65.8%,1.9,0.9,2.4,1.1,0.5
UTA,Svi Mykhailiuk,SG,1071,23.8,8.7%,-1.1,+0.1,-1.2,13.6,9.0,1.9,0.5,2.5,62.3%,+4.6%,0.8,8.2%,62.5%,39.7%,4.5,92.0%,0.6,0.7,1.9,0.5,0.1
UTA,Vince Williams Jr.,SG,789,20.8,30.3%,-1.2,-1.2,-0.0,18.1,7.7,4.3,1.1,3.9,48.2%,-9.5%,1.8,12.0%,42.9%,31.4%,4.4,80.4%,1.2,1.0,2.9,0.7,0.4
UTA,Keyonte George,PG,1629,33.9,35.0%,-1.5,+0.9,-2.4,39.0,23.8,6.5,2.1,3.9,61.4%,+3.7%,3.3,9.9%,51.5%,37.5%,6.7,89.4%,7.1,0.5,3.4,1.1,0.3
UTA,Brice Sensabaugh,SF,1162,21.9,9.6%,-1.5,+0.4,-1.9,16.2,12.5,1.5,0.6,2.9,58.6%,+0.9%,1.2,8.6%,57.4%,34.5%,5.2,84.9%,2.4,0.7,2.2,0.7,0.1
UTA,Elijah Harkless,PG,66,9.4,6.1%,-1.6,-1.6,-0.1,4.3,2.4,0.7,0.1,0.9,56.7%,-1.0%,0.4,13.2%,50.0%,28.6%,1.0,77.8%,1.3,0.3,0.6,0.6,0.0
UTA,Walter Clayton Jr.,PG,811,18.0,30.1%,-1.9,-1.3,-0.6,14.3,6.8,3.2,1.1,2.0,54.1%,-3.5%,1.3,11.2%,51.3%,30.8%,3.2,93.5%,1.4,0.3,1.6,0.5,0.3
UTA,Taylor Hendricks,PF,492,14.9,5.6%,-2.3,-1.2,-1.1,6.7,4.9,0.7,0.2,3.0,57.8%,+0.1%,0.6,10.7%,58.6%,34.3%,2.1,71.9%,1.0,0.9,2.1,0.4,0.2
UTA,Kevin Love,PF,500,17.2,9.6%,-2.3,-1.5,-0.9,11.0,7.0,1.7,0.6,5.9,56.4%,-1.3%,0.8,9.1%,48.0%,36.3%,3.9,83.8%,1.3,1.7,4.2,0.3,0.3
UTA,Isaiah Collier,PG,1225,25.5,45.4%,-2.4,-1.1,-1.3,28.4,10.4,7.4,2.4,2.6,57.5%,-0.2%,2.5,12.4%,56.6%,29.3%,1.6,69.1%,3.2,0.4,2.2,1.0,0.3
UTA,Cody Williams,SG,821,19.5,5.6%,-2.5,-2.4,-0.1,8.2,5.9,0.9,0.4,2.3,53.2%,-4.5%,0.6,8.7%,59.6%,23.2%,1.6,62.5%,0.8,0.9,1.5,0.6,0.4
UTA,Ace Bailey,SG,1291,26.3,6.8%,-2.6,-1.3,-1.4,16.0,11.7,1.7,0.3,3.9,53.1%,-4.6%,1.3,8.9%,52.8%,34.0%,4.4,70.8%,1.0,1.6,2.3,0.8,0.5
WAS,Tristan Vukcevic,PF,394,11.9,10.2%,+0.0,+0.0,+0.0,10.0,7.5,1.1,0.7,2.5,57.5%,-0.2%,1.2,12.3%,59.5%,27.4%,2.2,77.0%,2.2,0.6,1.8,0.3,0.7
WAS,Marvin Bagley III,PF,731,19.2,9.1%,-0.2,-0.2,+0.0,13.7,10.1,1.5,0.4,5.7,66.4%,+8.7%,1.2,10.8%,64.3%,42.1%,0.5,71.1%,2.6,2.6,3.1,0.5,0.7
WAS,Justin Champagnie,SG,965,19.3,6.9%,-0.2,-0.1,-0.1,10.6,7.8,1.1,0.3,5.8,58.8%,+1.1%,0.6,7.5%,60.3%,32.1%,2.2,75.7%,1.5,2.2,3.6,0.8,0.6
WAS,Khris Middleton,SF,827,24.3,14.2%,-1.0,-0.6,-0.4,18.3,10.3,3.3,1.3,3.9,52.9%,-4.8%,1.7,10.9%,48.3%,33.3%,2.9,84.1%,2.0,0.9,3.1,0.8,0.3
WAS,Kyshawn George,SF,1296,30.1,22.6%,-1.1,-1.1,+0.0,26.6,15.1,4.8,2.2,5.4,56.1%,-1.6%,2.8,12.1%,49.5%,37.7%,5.6,79.7%,2.7,1.0,4.5,1.1,0.9
WAS,Corey Kispert,SG,465,19.4,7.4%,-1.1,+0.1,-1.3,12.8,9.0,1.6,0.7,2.3,62.8%,+5.0%,0.8,8.2%,64.3%,36.7%,4.1,78.3%,1.9,0.4,1.9,0.5,0.1
WAS,Bilal Coulibaly,SG,884,26.8,16.2%,-1.3,-1.6,+0.3,16.1,9.8,2.5,0.6,4.4,50.7%,-7.0%,1.5,10.9%,48.7%,26.1%,3.4,76.4%,3.2,0.9,3.5,1.4,0.9
WAS,Jamir Watkins,SG,492,18.2,5.2%,-1.4,-1.4,+0.0,7.0,5.0,0.8,0.3,3.6,49.3%,-8.4%,0.6,9.4%,58.9%,23.4%,2.4,69.7%,1.2,1.0,2.6,0.8,0.5
WAS,Alex Sarr,C,1156,28.2,13.9%,-1.6,-0.6,-1.1,24.3,17.1,2.8,0.6,7.8,55.5%,-2.2%,1.7,8.0%,53.7%,33.6%,2.9,68.7%,3.3,2.3,5.4,0.8,2.0
WAS,Malaki Branham,SG,275,9.8,15.0%,-1.7,-0.9,-0.8,6.6,4.6,0.8,0.4,1.6,59.3%,+1.6%,0.5,9.9%,53.7%,37.8%,1.3,82.4%,1.2,0.4,1.1,0.4,0.1
WAS,Anthony Gill,PF,225,8.0,5.7%,-1.8,-2.4,+0.7,3.1,2.4,0.3,0.2,1.7,62.3%,+4.6%,0.4,13.9%,62.9%,30.8%,0.5,83.3%,0.4,0.6,1.1,0.4,0.2
WAS,Sharife Cooper,PG,171,14.3,44.0%,-2.0,-1.1,-0.8,10.8,5.8,1.9,0.5,2.3,63.6%,+6.0%,1.5,17.1%,57.6%,47.4%,1.6,71.4%,0.6,0.3,1.9,0.3,0.2
WAS,Cam Whitmore,SF,354,16.9,11.2%,-2.0,-0.8,-1.1,11.0,9.2,0.7,0.2,2.8,53.3%,-4.4%,0.9,8.1%,54.0%,28.6%,2.7,74.2%,1.5,0.9,1.9,0.7,0.4
WAS,Tre Johnson,SG,999,25.0,11.7%,-2.3,-0.6,-1.7,18.1,12.9,2.1,0.7,2.7,56.7%,-1.0%,1.4,8.9%,49.8%,38.6%,5.5,88.1%,1.7,0.5,2.2,0.7,0.3
WAS,Will Riley,SF,747,16.6,12.5%,-2.9,-1.8,-1.1,10.3,7.0,1.4,0.6,2.2,51.7%,-6.0%,0.9,9.5%,47.0%,32.7%,2.4,77.3%,1.5,0.8,1.4,0.6,0.1
WAS,Bub Carrington,PG,1483,28.0,29.9%,-4.1,-2.1,-2.0,20.6,10.2,4.6,2.1,3.5,54.3%,-3.3%,2.4,13.8%,41.6%,39.3%,5.3,76.1%,1.3,0.4,3.1,0.6,0.2
